id,date,value
AK,2020-12-21,5674
AK,2020-12-22,7118
AK,2020-12-23,8918
AK,2020-12-24,11002
AK,2020-12-26,11845
AK,2020-12-28,12202
AK,2020-12-29,13271
AK,2021-01-01,13772
AK,2021-01-02,18401
AK,2021-01-04,18937
AK,2021-01-05,19050
AK,2021-01-06,20106
AK,2021-01-07,21830
AK,2021-01-08,24562
AK,2021-01-09,25058
AK,2021-01-11,35027
AK,2021-01-12,35838
AK,2021-01-13,38680
AK,2021-01-14,43348
AK,2021-01-15,54946
AK,2021-01-19,69047
AK,2021-01-20,72662
AK,2021-01-21,81836
AK,2021-01-22,89085
AK,2021-01-24,94257
AK,2021-01-25,98137
AK,2021-01-26,101585
AK,2021-01-27,105846
AK,2021-01-28,110400
AK,2021-01-29,115273
AK,2021-01-31,119590
AK,2021-02-01,123448
AK,2021-02-02,125770
AK,2021-02-03,129941
AK,2021-02-04,134006
AK,2021-02-05,139151
AK,2021-02-07,146082
AK,2021-02-08,152871
AK,2021-02-09,156252
AK,2021-02-10,162270
AK,2021-02-11,167432
AK,2021-02-12,175135
AK,2021-02-13,175138
AK,2021-02-14,183831
AK,2021-02-16,193614
AK,2021-02-17,199148
AK,2021-02-18,206682
AK,2021-02-19,217541
AK,2021-02-20,227403
AK,2021-02-21,235141
AK,2021-02-22,238279
AL,2020-12-21,4489
AL,2020-12-24,15286
AL,2020-12-29,20354
AL,2020-12-30,26409
AL,2021-01-02,39446
AL,2021-01-04,39564
AL,2021-01-05,42810
AL,2021-01-06,43280
AL,2021-01-07,48888
AL,2021-01-08,57105
AL,2021-01-11,76528
AL,2021-01-12,87138
AL,2021-01-14,92300
AL,2021-01-15,130394
AL,2021-01-18,148685
AL,2021-01-19,158116
AL,2021-01-20,184618
AL,2021-01-21,202643
AL,2021-01-22,223887
AL,2021-01-24,243737
AL,2021-01-25,255291
AL,2021-01-26,266306
AL,2021-01-27,280608
AL,2021-01-28,302269
AL,2021-01-29,323875
AL,2021-01-30,342436
AL,2021-01-31,353974
AL,2021-02-01,359589
AL,2021-02-02,373907
AL,2021-02-03,392624
AL,2021-02-04,413346
AL,2021-02-05,436962
AL,2021-02-06,455173
AL,2021-02-07,462332
AL,2021-02-08,473199
AL,2021-02-09,497705
AL,2021-02-10,523241
AL,2021-02-11,553003
AL,2021-02-12,581317
AL,2021-02-13,601159
AL,2021-02-14,612254
AL,2021-02-16,648987
AL,2021-02-17,663056
AL,2021-02-18,685870
AL,2021-02-19,717477
AL,2021-02-20,776936
AL,2021-02-21,788613
AL,2021-02-22,793614
AR,2020-12-21,7597
AR,2020-12-22,12762
AR,2020-12-24,16203
AR,2020-12-28,20730
AR,2020-12-29,22817
AR,2020-12-30,30469
AR,2021-01-02,39235
AR,2021-01-04,40899
AR,2021-01-07,50679
AR,2021-01-08,58914
AR,2021-01-09,65991
AR,2021-01-10,74663
AR,2021-01-11,77854
AR,2021-01-12,80796
AR,2021-01-13,94854
AR,2021-01-14,108316
AR,2021-01-15,118338
AR,2021-01-16,124156
AR,2021-01-17,131390
AR,2021-01-18,137307
AR,2021-01-19,140559
AR,2021-01-20,173312
AR,2021-01-22,201676
AR,2021-01-24,214240
AR,2021-01-25,221095
AR,2021-01-26,236290
AR,2021-01-27,252824
AR,2021-01-29,269993
AR,2021-01-30,288651
AR,2021-01-31,303793
AR,2021-02-01,311230
AR,2021-02-02,314470
AR,2021-02-03,322447
AR,2021-02-04,338227
AR,2021-02-05,351175
AR,2021-02-06,374674
AR,2021-02-07,393445
AR,2021-02-08,401664
AR,2021-02-09,404127
AR,2021-02-10,418054
AR,2021-02-11,430803
AR,2021-02-12,447146
AR,2021-02-13,457386
AR,2021-02-14,472536
AR,2021-02-15,474603
AR,2021-02-16,483438
AR,2021-02-17,486949
AR,2021-02-18,490737
AR,2021-02-19,493776
AR,2021-02-20,520904
AR,2021-02-21,528467
AR,2021-02-22,535413
AS,2020-12-30,869
AS,2021-01-02,1022
AS,2021-01-07,1161
AS,2021-01-08,1331
AS,2021-01-11,2054
AS,2021-01-12,2124
AS,2021-01-13,2577
AS,2021-01-14,2971
AS,2021-01-15,3883
AS,2021-01-20,5313
AS,2021-01-21,5664
AS,2021-01-22,6569
AS,2021-01-23,6831
AS,2021-01-24,8046
AS,2021-01-26,8315
AS,2021-01-27,9085
AS,2021-01-29,9925
AS,2021-02-01,10761
AS,2021-02-03,11066
AS,2021-02-04,11257
AS,2021-02-05,12029
AS,2021-02-06,12259
AS,2021-02-09,12680
AS,2021-02-10,13318
AS,2021-02-11,13513
AS,2021-02-12,15032
AS,2021-02-13,15382
AS,2021-02-16,16109
AS,2021-02-17,16269
AS,2021-02-20,17740
AS,2021-02-21,18778
AS,2021-02-22,18816
AZ,2020-12-24,12338
AZ,2020-12-26,18506
AZ,2020-12-27,23648
AZ,2020-12-28,24620
AZ,2020-12-29,29536
AZ,2020-12-30,45803
AZ,2020-12-31,80060
AZ,2021-01-05,101030
AZ,2021-01-06,119653
AZ,2021-01-08,126090
AZ,2021-01-09,139068
AZ,2021-01-10,148292
AZ,2021-01-11,151844
AZ,2021-01-12,165531
AZ,2021-01-13,188740
AZ,2021-01-14,217716
AZ,2021-01-15,232125
AZ,2021-01-16,263625
AZ,2021-01-17,270718
AZ,2021-01-18,281270
AZ,2021-01-19,297385
AZ,2021-01-20,319984
AZ,2021-01-21,347013
AZ,2021-01-22,380764
AZ,2021-01-23,412320
AZ,2021-01-25,458461
AZ,2021-01-26,486338
AZ,2021-01-27,518125
AZ,2021-01-28,554760
AZ,2021-01-29,592288
AZ,2021-01-30,629845
AZ,2021-02-01,659728
AZ,2021-02-02,702664
AZ,2021-02-03,736845
AZ,2021-02-04,766330
AZ,2021-02-06,861886
AZ,2021-02-09,954290
AZ,2021-02-10,996699
AZ,2021-02-11,1045644
AZ,2021-02-12,1096126
AZ,2021-02-13,1147089
AZ,2021-02-14,1191338
AZ,2021-02-15,1217126
AZ,2021-02-16,1227271
AZ,2021-02-17,1291053
AZ,2021-02-18,1339829
AZ,2021-02-19,1387118
AZ,2021-02-20,1425295
AZ,2021-02-21,1469676
AZ,2021-02-22,1506572
CA,2020-12-21,70258
CA,2020-12-23,128210
CA,2020-12-28,300000
CA,2020-12-30,300696
CA,2020-12-31,335983
CA,2021-01-02,412076
CA,2021-01-03,414684
CA,2021-01-04,454306
CA,2021-01-05,459564
CA,2021-01-06,488515
CA,2021-01-07,586379
CA,2021-01-09,734405
CA,2021-01-11,782638
CA,2021-01-12,816301
CA,2021-01-13,891489
CA,2021-01-14,975293
CA,2021-01-15,1072959
CA,2021-01-16,1188703
CA,2021-01-17,1303518
CA,2021-01-19,1393224
CA,2021-01-20,1532329
CA,2021-01-21,1633875
CA,2021-01-22,1803679
CA,2021-01-23,2008220
CA,2021-01-24,2321811
CA,2021-01-25,2437504
CA,2021-01-26,2587736
CA,2021-01-27,2730262
CA,2021-01-28,2893493
CA,2021-01-29,3078250
CA,2021-01-30,3266914
CA,2021-01-31,3434295
CA,2021-02-01,3523111
CA,2021-02-02,3649440
CA,2021-02-03,3792797
CA,2021-02-04,3984752
CA,2021-02-05,4199626
CA,2021-02-06,4453271
CA,2021-02-07,4650637
CA,2021-02-08,4746539
CA,2021-02-09,4914630
CA,2021-02-10,5089483
CA,2021-02-11,5291493
CA,2021-02-12,5511429
CA,2021-02-13,5768684
CA,2021-02-14,5981552
CA,2021-02-15,6153109
CA,2021-02-16,6262781
CA,2021-02-17,6435184
CA,2021-02-18,6699137
CA,2021-02-19,6929954
CA,2021-02-20,7201713
CA,2021-02-21,7453468
CA,2021-02-22,7604725
CO,2020-12-21,33934
CO,2020-12-22,38666
CO,2020-12-23,43749
CO,2020-12-26,63170
CO,2020-12-27,63233
CO,2020-12-28,65282
CO,2020-12-29,73867
CO,2020-12-30,82342
CO,2021-01-01,94297
CO,2021-01-02,104622
CO,2021-01-03,105842
CO,2021-01-04,112510
CO,2021-01-05,114555
CO,2021-01-06,122347
CO,2021-01-07,130445
CO,2021-01-08,145164
CO,2021-01-09,200877
CO,2021-01-11,218185
CO,2021-01-12,224428
CO,2021-01-13,239665
CO,2021-01-14,254706
CO,2021-01-15,272233
CO,2021-01-16,287714
CO,2021-01-17,308441
CO,2021-01-18,323037
CO,2021-01-19,328533
CO,2021-01-20,340438
CO,2021-01-21,353194
CO,2021-01-22,377283
CO,2021-01-23,403896
CO,2021-01-24,434496
CO,2021-01-25,447880
CO,2021-01-26,457746
CO,2021-01-27,474527
CO,2021-01-28,495706
CO,2021-01-29,521879
CO,2021-01-30,545356
CO,2021-01-31,569234
CO,2021-02-01,589787
CO,2021-02-02,601347
CO,2021-02-03,617125
CO,2021-02-04,638923
CO,2021-02-05,661703
CO,2021-02-06,694860
CO,2021-02-07,729895
CO,2021-02-08,751960
CO,2021-02-09,757560
CO,2021-02-10,787041
CO,2021-02-11,815108
CO,2021-02-12,844620
CO,2021-02-13,885581
CO,2021-02-14,926807
CO,2021-02-15,970215
CO,2021-02-16,1000597
CO,2021-02-17,1024167
CO,2021-02-18,1053041
CO,2021-02-19,1083308
CO,2021-02-20,1167895
CO,2021-02-21,1202161
CO,2021-02-22,1231699
CT,2020-12-21,7761
CT,2020-12-23,16487
CT,2020-12-28,36276
CT,2020-12-30,54727
CT,2021-01-02,72729
CT,2021-01-04,75946
CT,2021-01-05,81970
CT,2021-01-06,93056
CT,2021-01-07,101734
CT,2021-01-08,116277
CT,2021-01-11,147174
CT,2021-01-12,151395
CT,2021-01-13,161875
CT,2021-01-14,171897
CT,2021-01-15,185866
CT,2021-01-19,220820
CT,2021-01-20,243140
CT,2021-01-21,264707
CT,2021-01-22,287440
CT,2021-01-23,306796
CT,2021-01-24,321737
CT,2021-01-25,331264
CT,2021-01-26,342643
CT,2021-01-27,360991
CT,2021-01-28,381160
CT,2021-01-29,403370
CT,2021-01-30,421191
CT,2021-01-31,436842
CT,2021-02-01,449253
CT,2021-02-02,456090
CT,2021-02-03,465008
CT,2021-02-04,481826
CT,2021-02-05,502347
CT,2021-02-06,519400
CT,2021-02-07,533941
CT,2021-02-08,542414
CT,2021-02-09,554322
CT,2021-02-10,574750
CT,2021-02-11,600249
CT,2021-02-12,626678
CT,2021-02-13,654766
CT,2021-02-14,674704
CT,2021-02-16,711142
CT,2021-02-17,738191
CT,2021-02-18,767183
CT,2021-02-20,847820
CT,2021-02-21,860534
CT,2021-02-22,882777
DC,2020-12-24,4500
DC,2020-12-30,11370
DC,2021-01-02,15072
DC,2021-01-04,16989
DC,2021-01-06,17475
DC,2021-01-07,19366
DC,2021-01-08,21681
DC,2021-01-11,29228
DC,2021-01-12,29812
DC,2021-01-13,33049
DC,2021-01-14,36679
DC,2021-01-15,39934
DC,2021-01-19,41053
DC,2021-01-20,51733
DC,2021-01-21,55108
DC,2021-01-22,56864
DC,2021-01-23,59793
DC,2021-01-24,62391
DC,2021-01-25,64194
DC,2021-01-26,64748
DC,2021-01-27,68086
DC,2021-01-28,70839
DC,2021-01-29,73328
DC,2021-01-30,76672
DC,2021-01-31,80526
DC,2021-02-01,82519
DC,2021-02-02,83553
DC,2021-02-03,85065
DC,2021-02-04,94095
DC,2021-02-05,98862
DC,2021-02-06,102031
DC,2021-02-07,105819
DC,2021-02-08,108475
DC,2021-02-11,111720
DC,2021-02-12,114110
DC,2021-02-13,116261
DC,2021-02-14,121313
DC,2021-02-16,126500
DC,2021-02-17,128460
DC,2021-02-18,130437
DC,2021-02-20,159640
DC,2021-02-21,162674
DC,2021-02-22,164207
DE,2020-12-21,2061
DE,2020-12-22,3872
DE,2020-12-23,4905
DE,2020-12-26,6569
DE,2020-12-27,7200
DE,2020-12-30,9744
DE,2021-01-01,12565
DE,2021-01-02,13080
DE,2021-01-03,14113
DE,2021-01-04,14265
DE,2021-01-05,15460
DE,2021-01-06,17064
DE,2021-01-07,18732
DE,2021-01-08,21814
DE,2021-01-09,23851
DE,2021-01-10,26567
DE,2021-01-11,26707
DE,2021-01-12,26739
DE,2021-01-13,30992
DE,2021-01-14,33883
DE,2021-01-15,36634
DE,2021-01-16,38650
DE,2021-01-17,41309
DE,2021-01-18,43063
DE,2021-01-19,46141
DE,2021-01-20,49873
DE,2021-01-21,54760
DE,2021-01-23,64690
DE,2021-01-24,67475
DE,2021-01-25,68995
DE,2021-01-26,77924
DE,2021-01-27,82699
DE,2021-01-28,87511
DE,2021-01-29,92552
DE,2021-01-30,100678
DE,2021-01-31,103258
DE,2021-02-01,103791
DE,2021-02-02,107597
DE,2021-02-03,110707
DE,2021-02-04,110784
DE,2021-02-05,117662
DE,2021-02-06,122556
DE,2021-02-07,125756
DE,2021-02-08,126650
DE,2021-02-09,127523
DE,2021-02-10,130116
DE,2021-02-11,133370
DE,2021-02-12,136591
DE,2021-02-13,142103
DE,2021-02-14,149830
DE,2021-02-16,154483
DE,2021-02-17,155111
DE,2021-02-18,164518
DE,2021-02-19,169677
DE,2021-02-20,180600
DE,2021-02-21,180940
DE,2021-02-22,183901
FL,2020-12-21,43716
FL,2020-12-22,49932
FL,2020-12-23,68133
FL,2020-12-26,113946
FL,2020-12-27,118764
FL,2020-12-28,122881
FL,2020-12-29,146160
FL,2020-12-30,176729
FL,2021-01-01,211165
FL,2021-01-02,246587
FL,2021-01-03,255808
FL,2021-01-04,264512
FL,2021-01-05,291770
FL,2021-01-06,339032
FL,2021-01-07,402802
FL,2021-01-08,467816
FL,2021-01-09,550157
FL,2021-01-10,596735
FL,2021-01-11,633440
FL,2021-01-12,699587
FL,2021-01-13,768629
FL,2021-01-14,846855
FL,2021-01-15,928869
FL,2021-01-16,1024704
FL,2021-01-17,1099535
FL,2021-01-18,1125053
FL,2021-01-19,1166458
FL,2021-01-20,1239975
FL,2021-01-21,1306983
FL,2021-01-22,1389149
FL,2021-01-23,1489003
FL,2021-01-24,1544794
FL,2021-01-25,1565383
FL,2021-01-26,1622421
FL,2021-01-27,1697849
FL,2021-01-28,1814482
FL,2021-01-29,1879244
FL,2021-01-30,1948148
FL,2021-01-31,1993472
FL,2021-02-01,2036038
FL,2021-02-02,2119968
FL,2021-02-03,2209641
FL,2021-02-04,2320966
FL,2021-02-05,2448711
FL,2021-02-06,2579175
FL,2021-02-07,2661796
FL,2021-02-08,2710156
FL,2021-02-09,2813488
FL,2021-02-10,2933920
FL,2021-02-11,3057652
FL,2021-02-12,3216044
FL,2021-02-13,3351430
FL,2021-02-14,3467856
FL,2021-02-15,3490648
FL,2021-02-16,3598996
FL,2021-02-17,3702569
FL,2021-02-18,3819224
FL,2021-02-19,3911999
FL,2021-02-20,4205898
FL,2021-02-21,4387051
FL,2021-02-22,4390626
FM,2021-01-05,30
FM,2021-01-07,100
FM,2021-01-08,197
FM,2021-01-11,305
FM,2021-01-12,424
FM,2021-01-13,565
FM,2021-01-14,740
FM,2021-01-20,1756
FM,2021-01-21,2087
FM,2021-01-22,2514
FM,2021-01-23,2752
FM,2021-01-25,2758
FM,2021-01-26,2977
FM,2021-01-27,3241
FM,2021-01-28,3502
FM,2021-01-29,3965
FM,2021-02-01,5110
FM,2021-02-02,5726
FM,2021-02-03,6254
FM,2021-02-04,6699
FM,2021-02-05,7005
FM,2021-02-06,7335
FM,2021-02-07,7415
FM,2021-02-08,7449
FM,2021-02-09,7725
FM,2021-02-10,8017
FM,2021-02-11,8365
FM,2021-02-12,8751
FM,2021-02-13,9230
FM,2021-02-14,9415
FM,2021-02-16,9980
FM,2021-02-17,10603
FM,2021-02-18,11119
FM,2021-02-20,11590
FM,2021-02-21,12196
GA,2020-12-21,1258
GA,2020-12-22,17505
GA,2020-12-23,17870
GA,2020-12-24,26010
GA,2020-12-29,43469
GA,2020-12-30,61870
GA,2021-01-01,76742
GA,2021-01-05,94607
GA,2021-01-06,110548
GA,2021-01-07,123030
GA,2021-01-08,135605
GA,2021-01-09,167057
GA,2021-01-11,183870
GA,2021-01-12,206900
GA,2021-01-13,235541
GA,2021-01-14,283177
GA,2021-01-15,329506
GA,2021-01-16,371099
GA,2021-01-17,393970
GA,2021-01-18,402955
GA,2021-01-19,423011
GA,2021-01-20,484775
GA,2021-01-21,535920
GA,2021-01-22,603486
GA,2021-01-23,630984
GA,2021-01-24,651478
GA,2021-01-25,656501
GA,2021-01-26,674967
GA,2021-01-27,746274
GA,2021-01-28,791254
GA,2021-01-29,836518
GA,2021-01-30,887399
GA,2021-01-31,913936
GA,2021-02-01,930517
GA,2021-02-02,954786
GA,2021-02-03,984354
GA,2021-02-04,1030872
GA,2021-02-05,1073482
GA,2021-02-06,1122122
GA,2021-02-07,1146687
GA,2021-02-08,1167738
GA,2021-02-09,1199430
GA,2021-02-10,1248477
GA,2021-02-11,1301647
GA,2021-02-12,1353978
GA,2021-02-13,1408232
GA,2021-02-14,1437718
GA,2021-02-15,1446647
GA,2021-02-16,1491903
GA,2021-02-17,1541057
GA,2021-02-18,1606622
GA,2021-02-19,1668605
GA,2021-02-20,1786755
GA,2021-02-21,1850856
GA,2021-02-22,1873683
GU,2020-12-21,1394
GU,2020-12-26,2158
GU,2021-01-01,4241
GU,2021-01-04,4945
GU,2021-01-06,5020
GU,2021-01-07,5448
GU,2021-01-09,8256
GU,2021-01-10,10014
GU,2021-01-12,11149
GU,2021-01-13,11406
GU,2021-01-14,12637
GU,2021-01-15,13285
GU,2021-01-16,13913
GU,2021-01-19,14477
GU,2021-01-20,15460
GU,2021-01-21,16634
GU,2021-01-22,17620
GU,2021-01-25,19917
GU,2021-01-26,20900
GU,2021-01-27,22049
GU,2021-01-28,23588
GU,2021-01-29,25248
GU,2021-01-30,26846
GU,2021-01-31,28183
GU,2021-02-02,28427
GU,2021-02-03,29504
GU,2021-02-04,31882
GU,2021-02-05,32586
GU,2021-02-06,33623
GU,2021-02-07,35337
GU,2021-02-08,35395
GU,2021-02-09,35816
GU,2021-02-10,36874
GU,2021-02-11,38296
GU,2021-02-12,39203
GU,2021-02-13,40524
GU,2021-02-14,41672
GU,2021-02-16,41918
GU,2021-02-17,43254
GU,2021-02-18,44620
GU,2021-02-19,45766
GU,2021-02-20,48387
GU,2021-02-21,48479
GU,2021-02-22,49587
HI,2020-12-29,14000
HI,2020-12-30,14894
HI,2021-01-02,18422
HI,2021-01-04,19313
HI,2021-01-05,25000
HI,2021-01-08,27375
HI,2021-01-11,35000
HI,2021-01-13,36605
HI,2021-01-16,46958
HI,2021-01-20,71944
HI,2021-01-21,79414
HI,2021-01-22,84793
HI,2021-01-24,94003
HI,2021-01-25,106654
HI,2021-01-26,109808
HI,2021-01-28,127419
HI,2021-01-29,137100
HI,2021-02-01,151558
HI,2021-02-02,159526
HI,2021-02-03,171705
HI,2021-02-04,181704
HI,2021-02-05,189446
HI,2021-02-08,202200
HI,2021-02-09,210250
HI,2021-02-10,218997
HI,2021-02-11,227401
HI,2021-02-12,236649
HI,2021-02-16,261950
HI,2021-02-17,268428
HI,2021-02-18,276603
HI,2021-02-19,287315
HI,2021-02-20,312730
HI,2021-02-21,322966
HI,2021-02-22,331321
IA,2020-12-21,503
IA,2020-12-22,8400
IA,2020-12-30,31189
IA,2021-01-02,53191
IA,2021-01-04,55495
IA,2021-01-05,60137
IA,2021-01-06,66051
IA,2021-01-07,74224
IA,2021-01-08,80621
IA,2021-01-11,98691
IA,2021-01-13,112093
IA,2021-01-15,125776
IA,2021-01-18,142614
IA,2021-01-20,156296
IA,2021-01-21,158743
IA,2021-01-22,177520
IA,2021-01-23,180110
IA,2021-01-24,191183
IA,2021-01-25,196203
IA,2021-01-26,197982
IA,2021-01-27,209575
IA,2021-01-28,212497
IA,2021-01-29,234653
IA,2021-01-30,237874
IA,2021-01-31,252202
IA,2021-02-01,257468
IA,2021-02-02,263248
IA,2021-02-03,275706
IA,2021-02-04,289737
IA,2021-02-05,305071
IA,2021-02-06,324929
IA,2021-02-07,328412
IA,2021-02-08,348032
IA,2021-02-09,364642
IA,2021-02-10,382598
IA,2021-02-11,410771
IA,2021-02-12,434629
IA,2021-02-13,458293
IA,2021-02-14,477497
IA,2021-02-15,487281
IA,2021-02-16,496981
IA,2021-02-17,509090
IA,2021-02-18,529445
IA,2021-02-19,553428
IA,2021-02-20,577374
IA,2021-02-21,599489
IA,2021-02-22,611188
ID,2020-12-21,4348
ID,2020-12-22,5665
ID,2020-12-23,6538
ID,2020-12-26,9673
ID,2020-12-27,10099
ID,2020-12-28,10459
ID,2020-12-29,11729
ID,2020-12-31,13686
ID,2021-01-01,15780
ID,2021-01-02,18535
ID,2021-01-03,19119
ID,2021-01-04,19569
ID,2021-01-05,20843
ID,2021-01-06,22822
ID,2021-01-07,25416
ID,2021-01-08,28194
ID,2021-01-09,32100
ID,2021-01-10,34755
ID,2021-01-11,35842
ID,2021-01-12,38891
ID,2021-01-13,42607
ID,2021-01-14,46703
ID,2021-01-15,51233
ID,2021-01-16,58170
ID,2021-01-17,60805
ID,2021-01-19,69398
ID,2021-01-20,73209
ID,2021-01-21,77781
ID,2021-01-22,82475
ID,2021-01-23,86912
ID,2021-01-24,91066
ID,2021-01-25,93582
ID,2021-01-26,96896
ID,2021-01-27,102713
ID,2021-01-28,108726
ID,2021-01-29,114372
ID,2021-01-30,114729
ID,2021-01-31,120880
ID,2021-02-01,124377
ID,2021-02-02,126648
ID,2021-02-03,132384
ID,2021-02-04,141897
ID,2021-02-05,159394
ID,2021-02-06,176220
ID,2021-02-07,185681
ID,2021-02-08,195591
ID,2021-02-09,198826
ID,2021-02-10,205379
ID,2021-02-11,214063
ID,2021-02-13,222173
ID,2021-02-14,242295
ID,2021-02-16,263625
ID,2021-02-17,270169
ID,2021-02-18,278474
ID,2021-02-20,313466
ID,2021-02-21,326336
ID,2021-02-22,336243
IL,2020-12-23,100991
IL,2020-12-27,102195
IL,2020-12-28,113420
IL,2020-12-29,126211
IL,2020-12-30,129192
IL,2021-01-01,143924
IL,2021-01-02,170060
IL,2021-01-04,176577
IL,2021-01-05,176586
IL,2021-01-06,189660
IL,2021-01-07,213045
IL,2021-01-08,234051
IL,2021-01-11,331171
IL,2021-01-12,353791
IL,2021-01-13,384658
IL,2021-01-14,414296
IL,2021-01-15,447348
IL,2021-01-16,471157
IL,2021-01-17,487040
IL,2021-01-18,495563
IL,2021-01-19,508732
IL,2021-01-20,539926
IL,2021-01-21,572389
IL,2021-01-22,616677
IL,2021-01-23,657820
IL,2021-01-24,699072
IL,2021-01-25,723203
IL,2021-01-26,737989
IL,2021-01-27,773623
IL,2021-01-28,829488
IL,2021-01-29,887845
IL,2021-01-30,948804
IL,2021-01-31,1011454
IL,2021-02-01,1054814
IL,2021-02-02,1073076
IL,2021-02-03,1108571
IL,2021-02-04,1178369
IL,2021-02-05,1247521
IL,2021-02-06,1329963
IL,2021-02-07,1401585
IL,2021-02-08,1457693
IL,2021-02-09,1477780
IL,2021-02-10,1539781
IL,2021-02-11,1604830
IL,2021-02-12,1674988
IL,2021-02-13,1772568
IL,2021-02-14,1854228
IL,2021-02-16,1954382
IL,2021-02-17,1996099
IL,2021-02-18,2037388
IL,2021-02-19,2060706
IL,2021-02-20,2261482
IL,2021-02-21,2339546
IL,2021-02-22,2354395
IN,2020-12-21,6
IN,2020-12-22,40000
IN,2021-01-01,75842
IN,2021-01-02,85752
IN,2021-01-04,91168
IN,2021-01-05,100487
IN,2021-01-06,128611
IN,2021-01-08,137933
IN,2021-01-11,217259
IN,2021-01-12,235758
IN,2021-01-13,260166
IN,2021-01-14,287239
IN,2021-01-15,312193
IN,2021-01-16,338905
IN,2021-01-17,357633
IN,2021-01-18,366114
IN,2021-01-19,389352
IN,2021-01-20,418472
IN,2021-01-21,449958
IN,2021-01-22,480338
IN,2021-01-24,513353
IN,2021-01-25,540841
IN,2021-01-26,566575
IN,2021-01-27,590181
IN,2021-01-28,625370
IN,2021-01-29,646518
IN,2021-01-30,689350
IN,2021-01-31,705722
IN,2021-02-02,742299
IN,2021-02-03,777560
IN,2021-02-04,816466
IN,2021-02-05,852280
IN,2021-02-06,887677
IN,2021-02-07,911334
IN,2021-02-08,923345
IN,2021-02-09,959079
IN,2021-02-10,994717
IN,2021-02-11,1039987
IN,2021-02-12,1079982
IN,2021-02-13,1120214
IN,2021-02-14,1142851
IN,2021-02-15,1153585
IN,2021-02-16,1175586
IN,2021-02-17,1190682
IN,2021-02-18,1228652
IN,2021-02-20,1234416
IN,2021-02-21,1269839
IN,2021-02-22,1292340
KS,2020-12-22,1838
KS,2020-12-28,3000
KS,2020-12-30,12164
KS,2021-01-02,19636
KS,2021-01-04,20110
KS,2021-01-05,20158
KS,2021-01-06,31938
KS,2021-01-07,45872
KS,2021-01-08,58841
KS,2021-01-11,77217
KS,2021-01-12,78268
KS,2021-01-13,93885
KS,2021-01-14,98130
KS,2021-01-15,103504
KS,2021-01-18,117434
KS,2021-01-20,129349
KS,2021-01-21,130434
KS,2021-01-22,143856
KS,2021-01-23,144909
KS,2021-01-24,151249
KS,2021-01-25,157520
KS,2021-01-26,158743
KS,2021-01-27,177350
KS,2021-01-28,190301
KS,2021-01-29,205114
KS,2021-01-30,206520
KS,2021-01-31,221469
KS,2021-02-01,229459
KS,2021-02-02,231201
KS,2021-02-03,249724
KS,2021-02-04,251425
KS,2021-02-05,278445
KS,2021-02-06,280252
KS,2021-02-07,296284
KS,2021-02-08,303691
KS,2021-02-09,305574
KS,2021-02-10,331022
KS,2021-02-11,332923
KS,2021-02-12,365180
KS,2021-02-13,367891
KS,2021-02-14,389983
KS,2021-02-15,394523
KS,2021-02-16,397247
KS,2021-02-17,418653
KS,2021-02-19,456093
KS,2021-02-20,488738
KS,2021-02-21,509332
KS,2021-02-22,514728
KY,2020-12-22,8839
KY,2020-12-23,11192
KY,2020-12-29,28938
KY,2020-12-30,29873
KY,2020-12-31,34376
KY,2021-01-02,59780
KY,2021-01-04,60663
KY,2021-01-05,61408
KY,2021-01-06,67673
KY,2021-01-07,94443
KY,2021-01-08,107799
KY,2021-01-11,132114
KY,2021-01-13,142436
KY,2021-01-14,155613
KY,2021-01-15,174748
KY,2021-01-16,190547
KY,2021-01-18,213567
KY,2021-01-19,221440
KY,2021-01-20,223946
KY,2021-01-21,235143
KY,2021-01-22,254144
KY,2021-01-23,270960
KY,2021-01-24,299493
KY,2021-01-25,307462
KY,2021-01-26,312192
KY,2021-01-27,323268
KY,2021-01-28,342200
KY,2021-01-29,366643
KY,2021-01-30,386001
KY,2021-01-31,409797
KY,2021-02-01,415545
KY,2021-02-02,419562
KY,2021-02-03,435400
KY,2021-02-04,455783
KY,2021-02-05,483777
KY,2021-02-06,517168
KY,2021-02-07,548342
KY,2021-02-08,564682
KY,2021-02-09,568658
KY,2021-02-10,584947
KY,2021-02-11,608198
KY,2021-02-12,636518
KY,2021-02-13,649810
KY,2021-02-14,678768
KY,2021-02-16,711588
KY,2021-02-17,719857
KY,2021-02-18,726168
KY,2021-02-20,796952
KY,2021-02-21,824007
KY,2021-02-22,839508
LA,2020-12-21,11498
LA,2020-12-22,22108
LA,2020-12-26,32766
LA,2020-12-29,37969
LA,2020-12-30,40678
LA,2021-01-01,45289
LA,2021-01-02,49073
LA,2021-01-04,49589
LA,2021-01-05,56452
LA,2021-01-07,81585
LA,2021-01-11,129591
LA,2021-01-12,159698
LA,2021-01-14,201377
LA,2021-01-19,267720
LA,2021-01-21,301316
LA,2021-01-22,314328
LA,2021-01-23,315023
LA,2021-01-24,334086
LA,2021-01-25,341447
LA,2021-01-26,357894
LA,2021-01-27,358746
LA,2021-01-28,397371
LA,2021-01-29,398312
LA,2021-01-30,420908
LA,2021-01-31,443715
LA,2021-02-01,463179
LA,2021-02-02,487705
LA,2021-02-03,488960
LA,2021-02-04,534985
LA,2021-02-05,536404
LA,2021-02-06,570731
LA,2021-02-07,599941
LA,2021-02-08,614041
LA,2021-02-09,637361
LA,2021-02-10,639019
LA,2021-02-11,699334
LA,2021-02-12,701110
LA,2021-02-13,735622
LA,2021-02-14,769155
LA,2021-02-15,782992
LA,2021-02-16,784976
LA,2021-02-17,791574
LA,2021-02-18,812962
LA,2021-02-20,877683
LA,2021-02-21,894519
LA,2021-02-22,903226
MA,2020-12-21,20577
MA,2020-12-23,34953
MA,2020-12-26,35618
MA,2020-12-30,65021
MA,2021-01-01,78643
MA,2021-01-02,88076
MA,2021-01-04,110279
MA,2021-01-05,114465
MA,2021-01-06,124450
MA,2021-01-07,141108
MA,2021-01-08,151430
MA,2021-01-11,197823
MA,2021-01-12,204082
MA,2021-01-13,217443
MA,2021-01-14,239174
MA,2021-01-15,257175
MA,2021-01-20,330490
MA,2021-01-21,353117
MA,2021-01-22,370627
MA,2021-01-23,392967
MA,2021-01-24,419806
MA,2021-01-25,433615
MA,2021-01-26,442703
MA,2021-01-27,464275
MA,2021-01-28,496103
MA,2021-01-29,520504
MA,2021-01-30,547082
MA,2021-01-31,579181
MA,2021-02-01,608947
MA,2021-02-02,625477
MA,2021-02-04,681472
MA,2021-02-05,685074
MA,2021-02-06,727120
MA,2021-02-07,780268
MA,2021-02-08,806376
MA,2021-02-09,910412
MA,2021-02-10,950515
MA,2021-02-11,987774
MA,2021-02-12,1034018
MA,2021-02-13,1082785
MA,2021-02-14,1118374
MA,2021-02-15,1143430
MA,2021-02-16,1166516
MA,2021-02-17,1209614
MA,2021-02-18,1267262
MA,2021-02-19,1323656
MA,2021-02-20,1375439
MA,2021-02-21,1426512
MA,2021-02-22,1468992
MD,2020-12-23,10497
MD,2020-12-24,14103
MD,2020-12-26,18789
MD,2020-12-27,19818
MD,2020-12-28,20812
MD,2020-12-29,28615
MD,2020-12-30,36669
MD,2020-12-31,47012
MD,2021-01-01,54060
MD,2021-01-02,59890
MD,2021-01-04,65718
MD,2021-01-05,77274
MD,2021-01-06,87515
MD,2021-01-07,100049
MD,2021-01-08,114731
MD,2021-01-09,128797
MD,2021-01-10,142402
MD,2021-01-11,146231
MD,2021-01-12,161784
MD,2021-01-13,178056
MD,2021-01-14,194255
MD,2021-01-15,212713
MD,2021-01-16,237266
MD,2021-01-17,245036
MD,2021-01-18,255110
MD,2021-01-19,265657
MD,2021-01-20,279412
MD,2021-01-21,294974
MD,2021-01-22,314861
MD,2021-01-23,345973
MD,2021-01-24,358262
MD,2021-01-25,372937
MD,2021-01-26,396661
MD,2021-01-27,419579
MD,2021-01-28,449916
MD,2021-01-29,483149
MD,2021-01-30,512805
MD,2021-01-31,535638
MD,2021-02-01,544369
MD,2021-02-02,553733
MD,2021-02-03,573131
MD,2021-02-04,601914
MD,2021-02-05,634055
MD,2021-02-07,690081
MD,2021-02-08,699733
MD,2021-02-09,727828
MD,2021-02-10,752036
MD,2021-02-11,785170
MD,2021-02-12,818478
MD,2021-02-13,857008
MD,2021-02-14,877332
MD,2021-02-15,893860
MD,2021-02-16,908979
MD,2021-02-17,936557
MD,2021-02-18,970457
MD,2021-02-19,1013049
MD,2021-02-20,1054467
MD,2021-02-21,1087762
MD,2021-02-22,1111529
ME,2020-12-21,4682
ME,2020-12-22,5806
ME,2020-12-23,8001
ME,2020-12-24,13089
ME,2020-12-27,17067
ME,2020-12-28,17180
ME,2020-12-29,19634
ME,2020-12-30,23527
ME,2020-12-31,27122
ME,2021-01-01,30877
ME,2021-01-02,32090
ME,2021-01-03,32995
ME,2021-01-04,33425
ME,2021-01-05,35536
ME,2021-01-06,38065
ME,2021-01-07,42317
ME,2021-01-08,46633
ME,2021-01-09,52324
ME,2021-01-10,54557
ME,2021-01-11,55775
ME,2021-01-12,58083
ME,2021-01-13,62004
ME,2021-01-14,66487
ME,2021-01-15,70228
ME,2021-01-16,74805
ME,2021-01-17,78084
ME,2021-01-18,79149
ME,2021-01-19,81355
ME,2021-01-20,85847
ME,2021-01-21,92008
ME,2021-01-22,98371
ME,2021-01-23,104926
ME,2021-01-24,109262
ME,2021-01-25,110332
ME,2021-01-26,115213
ME,2021-01-27,121220
ME,2021-01-28,128704
ME,2021-01-29,137531
ME,2021-01-30,145356
ME,2021-01-31,151323
ME,2021-02-01,153981
ME,2021-02-02,158071
ME,2021-02-03,161655
ME,2021-02-04,167111
ME,2021-02-05,176961
ME,2021-02-06,187055
ME,2021-02-07,191813
ME,2021-02-08,195245
ME,2021-02-09,200927
ME,2021-02-10,208302
ME,2021-02-11,215892
ME,2021-02-12,226184
ME,2021-02-13,237447
ME,2021-02-14,243482
ME,2021-02-15,245855
ME,2021-02-16,249913
ME,2021-02-17,255849
ME,2021-02-18,265991
ME,2021-02-20,268322
ME,2021-02-21,268693
ME,2021-02-22,297116
MH,2021-01-11,577
MH,2021-01-12,639
MH,2021-01-13,649
MH,2021-01-15,658
MH,2021-01-20,1514
MH,2021-01-21,1991
MH,2021-01-22,2438
MH,2021-01-23,2873
MH,2021-01-24,3098
MH,2021-01-26,3284
MH,2021-01-27,3538
MH,2021-01-28,3755
MH,2021-01-29,3928
MH,2021-01-30,3992
MH,2021-01-31,4127
MH,2021-02-02,4258
MH,2021-02-04,4424
MH,2021-02-05,4553
MH,2021-02-06,4740
MH,2021-02-07,4907
MH,2021-02-09,5145
MH,2021-02-10,5260
MH,2021-02-11,5433
MH,2021-02-12,5609
MH,2021-02-13,5730
MH,2021-02-14,5938
MH,2021-02-16,6455
MH,2021-02-17,6458
MH,2021-02-18,6760
MH,2021-02-20,7733
MH,2021-02-21,8716
MH,2021-02-22,8926
MI,2020-12-21,13321
MI,2020-12-22,26737
MI,2020-12-23,37660
MI,2020-12-28,58997
MI,2020-12-29,71256
MI,2020-12-30,86626
MI,2021-01-02,90453
MI,2021-01-04,99040
MI,2021-01-05,128390
MI,2021-01-06,152511
MI,2021-01-07,174749
MI,2021-01-08,195240
MI,2021-01-11,233085
MI,2021-01-12,296588
MI,2021-01-13,332139
MI,2021-01-14,368844
MI,2021-01-15,405992
MI,2021-01-18,487959
MI,2021-01-19,512906
MI,2021-01-20,552713
MI,2021-01-21,598127
MI,2021-01-23,652661
MI,2021-01-24,695273
MI,2021-01-25,730453
MI,2021-01-26,760066
MI,2021-01-27,802106
MI,2021-01-28,854084
MI,2021-01-29,909038
MI,2021-01-30,922423
MI,2021-01-31,977030
MI,2021-02-01,1005544
MI,2021-02-02,1028286
MI,2021-02-03,1076545
MI,2021-02-04,1127787
MI,2021-02-05,1186630
MI,2021-02-06,1193181
MI,2021-02-07,1251940
MI,2021-02-08,1292572
MI,2021-02-09,1339129
MI,2021-02-10,1391159
MI,2021-02-11,1446322
MI,2021-02-12,1517959
MI,2021-02-13,1537856
MI,2021-02-14,1604973
MI,2021-02-15,1634609
MI,2021-02-16,1657215
MI,2021-02-17,1680901
MI,2021-02-18,1740608
MI,2021-02-19,1787509
MI,2021-02-20,1884038
MI,2021-02-21,1933648
MI,2021-02-22,1972201
MN,2020-12-21,947
MN,2020-12-22,2999
MN,2020-12-23,11578
MN,2020-12-29,38014
MN,2020-12-30,48189
MN,2021-01-02,82476
MN,2021-01-04,83884
MN,2021-01-05,86329
MN,2021-01-06,97098
MN,2021-01-08,110427
MN,2021-01-09,119744
MN,2021-01-10,132280
MN,2021-01-11,157245
MN,2021-01-12,162240
MN,2021-01-13,165355
MN,2021-01-14,179684
MN,2021-01-15,198253
MN,2021-01-16,206559
MN,2021-01-17,221183
MN,2021-01-18,232952
MN,2021-01-19,238935
MN,2021-01-20,252548
MN,2021-01-21,259417
MN,2021-01-22,278234
MN,2021-01-23,305297
MN,2021-01-24,321180
MN,2021-01-25,346864
MN,2021-01-26,360442
MN,2021-01-27,375934
MN,2021-01-28,407063
MN,2021-01-29,444164
MN,2021-01-30,488360
MN,2021-01-31,531048
MN,2021-02-01,559383
MN,2021-02-02,565603
MN,2021-02-03,582395
MN,2021-02-04,634453
MN,2021-02-05,637015
MN,2021-02-06,703366
MN,2021-02-07,729088
MN,2021-02-08,745290
MN,2021-02-10,753019
MN,2021-02-11,777459
MN,2021-02-12,808827
MN,2021-02-13,852002
MN,2021-02-14,889831
MN,2021-02-15,914984
MN,2021-02-16,927384
MN,2021-02-17,943251
MN,2021-02-18,975626
MN,2021-02-19,1016210
MN,2021-02-20,1097316
MN,2021-02-21,1136840
MN,2021-02-22,1138309
MO,2020-12-21,1000
MO,2020-12-24,23000
MO,2020-12-29,57000
MO,2020-12-30,66540
MO,2021-01-02,89565
MO,2021-01-04,91817
MO,2021-01-05,98589
MO,2021-01-06,105173
MO,2021-01-07,113369
MO,2021-01-08,124721
MO,2021-01-11,150070
MO,2021-01-12,161784
MO,2021-01-14,175314
MO,2021-01-15,190447
MO,2021-01-19,235729
MO,2021-01-20,244476
MO,2021-01-21,265382
MO,2021-01-22,285697
MO,2021-01-23,307018
MO,2021-01-24,338174
MO,2021-01-25,351811
MO,2021-01-26,356310
MO,2021-01-27,374742
MO,2021-01-28,423839
MO,2021-01-29,457440
MO,2021-01-30,493021
MO,2021-01-31,511657
MO,2021-02-01,515850
MO,2021-02-02,530485
MO,2021-02-03,553095
MO,2021-02-04,584260
MO,2021-02-05,632213
MO,2021-02-06,683049
MO,2021-02-07,690072
MO,2021-02-08,693468
MO,2021-02-09,716038
MO,2021-02-10,741108
MO,2021-02-11,764378
MO,2021-02-12,801456
MO,2021-02-13,843740
MO,2021-02-14,866875
MO,2021-02-15,873686
MO,2021-02-16,886800
MO,2021-02-17,910338
MO,2021-02-18,939810
MO,2021-02-19,966807
MO,2021-02-20,1042872
MO,2021-02-21,1083721
MO,2021-02-22,1103908
MP,2020-12-30,2224
MP,2021-01-02,3027
MP,2021-01-05,3083
MP,2021-01-06,3090
MP,2021-01-08,3101
MP,2021-01-11,3477
MP,2021-01-12,3722
MP,2021-01-13,4141
MP,2021-01-14,4598
MP,2021-01-15,4909
MP,2021-01-20,6791
MP,2021-01-21,7309
MP,2021-01-22,7720
MP,2021-01-23,8039
MP,2021-01-24,8390
MP,2021-01-25,8495
MP,2021-01-26,8738
MP,2021-01-27,9026
MP,2021-01-28,9251
MP,2021-01-29,9548
MP,2021-01-30,9733
MP,2021-01-31,10050
MP,2021-02-01,10148
MP,2021-02-02,10407
MP,2021-02-03,10655
MP,2021-02-04,10966
MP,2021-02-05,11332
MP,2021-02-06,11697
MP,2021-02-07,11889
MP,2021-02-08,11915
MP,2021-02-09,12264
MP,2021-02-10,12530
MP,2021-02-11,12728
MP,2021-02-12,12971
MP,2021-02-13,13394
MP,2021-02-14,13754
MP,2021-02-16,14419
MP,2021-02-17,14743
MP,2021-02-18,15112
MP,2021-02-20,15525
MP,2021-02-21,15922
MP,2021-02-22,16091
MS,2020-12-22,4500
MS,2020-12-30,17410
MS,2021-01-01,20033
MS,2021-01-02,21150
MS,2021-01-04,21814
MS,2021-01-05,25324
MS,2021-01-07,28356
MS,2021-01-08,41541
MS,2021-01-09,49591
MS,2021-01-10,54714
MS,2021-01-11,55399
MS,2021-01-12,62744
MS,2021-01-13,73391
MS,2021-01-14,85829
MS,2021-01-15,96629
MS,2021-01-16,109354
MS,2021-01-18,114947
MS,2021-01-19,123702
MS,2021-01-20,138676
MS,2021-01-21,152374
MS,2021-01-22,165875
MS,2021-01-23,179792
MS,2021-01-25,184398
MS,2021-01-26,193429
MS,2021-01-27,204910
MS,2021-01-28,216538
MS,2021-01-29,226209
MS,2021-01-30,240293
MS,2021-02-01,243890
MS,2021-02-02,254594
MS,2021-02-03,270205
MS,2021-02-04,280838
MS,2021-02-05,305192
MS,2021-02-06,327163
MS,2021-02-08,334000
MS,2021-02-09,350348
MS,2021-02-10,370489
MS,2021-02-11,392391
MS,2021-02-12,414181
MS,2021-02-14,442874
MS,2021-02-16,447312
MS,2021-02-17,449815
MS,2021-02-18,454926
MS,2021-02-19,461755
MS,2021-02-20,481424
MS,2021-02-21,491117
MS,2021-02-22,499055
MT,2020-12-21,3000
MT,2020-12-24,7407
MT,2020-12-30,17000
MT,2021-01-02,22928
MT,2021-01-04,23518
MT,2021-01-05,23526
MT,2021-01-06,24574
MT,2021-01-07,27693
MT,2021-01-08,31444
MT,2021-01-09,33000
MT,2021-01-11,41703
MT,2021-01-12,42083
MT,2021-01-13,44063
MT,2021-01-14,46620
MT,2021-01-15,49364
MT,2021-01-16,51000
MT,2021-01-19,57221
MT,2021-01-20,60390
MT,2021-01-22,66348
MT,2021-01-23,72544
MT,2021-01-24,76590
MT,2021-01-25,77356
MT,2021-01-26,77748
MT,2021-01-27,81169
MT,2021-01-28,86213
MT,2021-01-29,92589
MT,2021-01-30,99272
MT,2021-01-31,104525
MT,2021-02-01,106145
MT,2021-02-02,110351
MT,2021-02-03,116119
MT,2021-02-04,122503
MT,2021-02-05,130839
MT,2021-02-06,137717
MT,2021-02-07,139221
MT,2021-02-08,140070
MT,2021-02-09,144271
MT,2021-02-10,149263
MT,2021-02-11,157618
MT,2021-02-12,167276
MT,2021-02-13,176719
MT,2021-02-14,180193
MT,2021-02-15,181572
MT,2021-02-16,184483
MT,2021-02-17,189971
MT,2021-02-18,197886
MT,2021-02-19,205213
MT,2021-02-20,228890
MT,2021-02-21,237099
MT,2021-02-22,240814
NC,2020-12-22,24500
NC,2020-12-29,63571
NC,2020-12-30,73423
NC,2021-01-02,94865
NC,2021-01-04,101351
NC,2021-01-05,123598
NC,2021-01-06,137198
NC,2021-01-07,139474
NC,2021-01-08,184982
NC,2021-01-11,211572
NC,2021-01-12,232528
NC,2021-01-13,266938
NC,2021-01-14,326198
NC,2021-01-19,458914
NC,2021-01-21,573130
NC,2021-01-23,577007
NC,2021-01-24,636439
NC,2021-01-25,676037
NC,2021-01-26,728148
NC,2021-01-28,849801
NC,2021-01-29,851223
NC,2021-01-30,914217
NC,2021-01-31,951657
NC,2021-02-01,1061308
NC,2021-02-02,1099218
NC,2021-02-03,1142903
NC,2021-02-04,1195369
NC,2021-02-05,1259124
NC,2021-02-08,1390947
NC,2021-02-09,1436745
NC,2021-02-10,1486544
NC,2021-02-11,1554378
NC,2021-02-12,1631488
NC,2021-02-15,1780687
NC,2021-02-16,1835001
NC,2021-02-17,1882628
NC,2021-02-19,1977342
NC,2021-02-20,2008811
NC,2021-02-21,2068505
NC,2021-02-22,2105120
ND,2020-12-21,6098
ND,2020-12-22,6865
ND,2020-12-23,8463
ND,2020-12-26,12990
ND,2020-12-28,13048
ND,2020-12-30,13989
ND,2021-01-02,21171
ND,2021-01-04,22241
ND,2021-01-05,22358
ND,2021-01-06,23642
ND,2021-01-07,27289
ND,2021-01-08,29954
ND,2021-01-09,30000
ND,2021-01-11,41288
ND,2021-01-12,42790
ND,2021-01-13,45046
ND,2021-01-14,48950
ND,2021-01-15,52955
ND,2021-01-19,61094
ND,2021-01-20,63244
ND,2021-01-21,68560
ND,2021-01-22,74055
ND,2021-01-25,75242
ND,2021-01-26,81379
ND,2021-01-27,81568
ND,2021-01-28,85589
ND,2021-01-29,91823
ND,2021-01-30,96291
ND,2021-01-31,97915
ND,2021-02-01,105616
ND,2021-02-02,107522
ND,2021-02-03,111059
ND,2021-02-04,117184
ND,2021-02-05,126166
ND,2021-02-07,126822
ND,2021-02-08,135530
ND,2021-02-09,137470
ND,2021-02-10,141267
ND,2021-02-11,147486
ND,2021-02-12,152467
ND,2021-02-15,162038
ND,2021-02-16,163792
ND,2021-02-17,166512
ND,2021-02-18,171413
ND,2021-02-19,177619
ND,2021-02-20,188496
ND,2021-02-21,194406
ND,2021-02-22,196365
NE,2020-12-21,6251
NE,2020-12-22,8985
NE,2020-12-27,15462
NE,2020-12-29,21419
NE,2020-12-30,24077
NE,2020-12-31,27000
NE,2021-01-02,34066
NE,2021-01-04,35644
NE,2021-01-05,36753
NE,2021-01-06,39691
NE,2021-01-07,53548
NE,2021-01-08,68297
NE,2021-01-10,73842
NE,2021-01-11,76882
NE,2021-01-12,78074
NE,2021-01-13,83317
NE,2021-01-14,88528
NE,2021-01-15,94790
NE,2021-01-16,99101
NE,2021-01-17,104116
NE,2021-01-18,106203
NE,2021-01-19,106940
NE,2021-01-20,109526
NE,2021-01-21,115080
NE,2021-01-22,121681
NE,2021-01-23,127296
NE,2021-01-24,135995
NE,2021-01-25,137249
NE,2021-01-26,138344
NE,2021-01-27,142827
NE,2021-01-28,153231
NE,2021-01-29,161548
NE,2021-01-30,170429
NE,2021-01-31,180842
NE,2021-02-01,184045
NE,2021-02-02,191391
NE,2021-02-03,198194
NE,2021-02-04,207111
NE,2021-02-05,221342
NE,2021-02-06,229719
NE,2021-02-07,232896
NE,2021-02-08,234132
NE,2021-02-09,239832
NE,2021-02-10,246623
NE,2021-02-11,258562
NE,2021-02-12,272495
NE,2021-02-13,284213
NE,2021-02-14,287551
NE,2021-02-15,289118
NE,2021-02-16,293362
NE,2021-02-17,303463
NE,2021-02-18,310788
NE,2021-02-19,322254
NE,2021-02-20,360582
NE,2021-02-21,372655
NE,2021-02-22,380648
NH,2020-12-21,901
NH,2020-12-27,3819
NH,2020-12-30,13200
NH,2021-01-02,19461
NH,2021-01-04,21181
NH,2021-01-05,30035
NH,2021-01-06,33177
NH,2021-01-07,37369
NH,2021-01-08,41868
NH,2021-01-11,49452
NH,2021-01-12,50613
NH,2021-01-13,55218
NH,2021-01-14,58711
NH,2021-01-15,62517
NH,2021-01-20,75418
NH,2021-01-21,80639
NH,2021-01-22,85595
NH,2021-01-23,89816
NH,2021-01-24,93338
NH,2021-01-25,94623
NH,2021-01-26,97002
NH,2021-01-27,103080
NH,2021-01-28,110451
NH,2021-01-29,117408
NH,2021-01-30,123740
NH,2021-01-31,128313
NH,2021-02-01,130515
NH,2021-02-02,135799
NH,2021-02-03,138271
NH,2021-02-04,145086
NH,2021-02-05,153145
NH,2021-02-06,161178
NH,2021-02-07,165887
NH,2021-02-08,166603
NH,2021-02-09,168727
NH,2021-02-10,176192
NH,2021-02-11,184103
NH,2021-02-12,191114
NH,2021-02-13,200675
NH,2021-02-14,208541
NH,2021-02-16,216649
NH,2021-02-17,218316
NH,2021-02-18,226863
NH,2021-02-19,228000
NH,2021-02-20,250296
NH,2021-02-21,260809
NH,2021-02-22,267893
NJ,2020-12-21,8740
NJ,2020-12-23,27730
NJ,2020-12-26,36500
NJ,2020-12-28,46217
NJ,2020-12-30,62901
NJ,2020-12-31,72657
NJ,2021-01-02,92934
NJ,2021-01-03,95693
NJ,2021-01-04,101417
NJ,2021-01-05,120947
NJ,2021-01-06,137829
NJ,2021-01-07,155458
NJ,2021-01-08,180097
NJ,2021-01-09,200204
NJ,2021-01-11,220828
NJ,2021-01-12,233555
NJ,2021-01-13,264681
NJ,2021-01-14,300213
NJ,2021-01-15,317070
NJ,2021-01-16,336187
NJ,2021-01-17,348414
NJ,2021-01-18,366010
NJ,2021-01-19,388160
NJ,2021-01-20,432220
NJ,2021-01-21,455965
NJ,2021-01-22,490677
NJ,2021-01-23,524865
NJ,2021-01-24,551209
NJ,2021-01-25,565401
NJ,2021-01-26,605397
NJ,2021-01-27,642613
NJ,2021-01-28,680601
NJ,2021-01-29,727426
NJ,2021-01-30,768944
NJ,2021-01-31,795440
NJ,2021-02-01,810293
NJ,2021-02-02,836584
NJ,2021-02-03,851721
NJ,2021-02-04,876529
NJ,2021-02-05,925579
NJ,2021-02-06,1041289
NJ,2021-02-07,1074805
NJ,2021-02-08,1094886
NJ,2021-02-09,1096789
NJ,2021-02-10,1148733
NJ,2021-02-11,1196677
NJ,2021-02-12,1252742
NJ,2021-02-13,1309703
NJ,2021-02-14,1349327
NJ,2021-02-15,1372931
NJ,2021-02-16,1427336
NJ,2021-02-17,1480413
NJ,2021-02-18,1542174
NJ,2021-02-19,1559569
NJ,2021-02-20,1648599
NJ,2021-02-21,1689031
NJ,2021-02-22,1711610
NM,2020-12-23,14000
NM,2020-12-30,26591
NM,2021-01-02,40186
NM,2021-01-04,41557
NM,2021-01-05,42380
NM,2021-01-06,44766
NM,2021-01-07,48306
NM,2021-01-08,56366
NM,2021-01-11,76773
NM,2021-01-12,78235
NM,2021-01-13,81855
NM,2021-01-14,100601
NM,2021-01-15,108456
NM,2021-01-18,137531
NM,2021-01-19,143048
NM,2021-01-20,152984
NM,2021-01-21,162995
NM,2021-01-22,185923
NM,2021-01-24,200141
NM,2021-01-25,204670
NM,2021-01-26,216913
NM,2021-01-27,225496
NM,2021-01-28,239015
NM,2021-01-29,248183
NM,2021-01-30,248321
NM,2021-01-31,264147
NM,2021-02-01,275224
NM,2021-02-02,277617
NM,2021-02-03,284830
NM,2021-02-04,294566
NM,2021-02-05,319832
NM,2021-02-06,327279
NM,2021-02-07,331793
NM,2021-02-08,342786
NM,2021-02-09,346064
NM,2021-02-10,365297
NM,2021-02-11,383842
NM,2021-02-12,394720
NM,2021-02-13,399911
NM,2021-02-14,419882
NM,2021-02-16,443359
NM,2021-02-17,450299
NM,2021-02-18,465715
NM,2021-02-20,578916
NM,2021-02-21,595951
NM,2021-02-22,604732
NV,2020-12-24,15207
NV,2020-12-30,23119
NV,2021-01-02,32942
NV,2021-01-04,34454
NV,2021-01-05,34549
NV,2021-01-06,36874
NV,2021-01-07,39761
NV,2021-01-08,44656
NV,2021-01-11,58651
NV,2021-01-12,61653
NV,2021-01-14,76844
NV,2021-01-15,83674
NV,2021-01-20,107133
NV,2021-01-21,115991
NV,2021-01-22,126458
NV,2021-01-23,137031
NV,2021-01-24,152203
NV,2021-01-25,159869
NV,2021-01-26,164362
NV,2021-01-27,174367
NV,2021-01-28,194942
NV,2021-01-29,210185
NV,2021-01-30,224192
NV,2021-01-31,241078
NV,2021-02-01,248754
NV,2021-02-02,253174
NV,2021-02-03,288531
NV,2021-02-04,291601
NV,2021-02-05,304323
NV,2021-02-06,322252
NV,2021-02-07,334073
NV,2021-02-08,346685
NV,2021-02-09,351531
NV,2021-02-10,375402
NV,2021-02-11,379077
NV,2021-02-12,394172
NV,2021-02-13,411057
NV,2021-02-14,428423
NV,2021-02-16,446800
NV,2021-02-17,464037
NV,2021-02-18,466981
NV,2021-02-19,518135
NV,2021-02-20,555742
NV,2021-02-21,569810
NV,2021-02-22,586518
NY,2020-12-23,89000
NY,2020-12-26,110103
NY,2020-12-27,113460
NY,2020-12-28,140000
NY,2020-12-29,148372
NY,2020-12-30,203000
NY,2020-12-31,212880
NY,2021-01-01,222267
NY,2021-01-02,236941
NY,2021-01-04,300000
NY,2021-01-06,313056
NY,2021-01-07,430000
NY,2021-01-08,479000
NY,2021-01-09,543147
NY,2021-01-10,554683
NY,2021-01-11,605677
NY,2021-01-12,665172
NY,2021-01-13,732066
NY,2021-01-14,767814
NY,2021-01-15,827715
NY,2021-01-16,861169
NY,2021-01-17,999197
NY,2021-01-18,999399
NY,2021-01-19,1064049
NY,2021-01-20,1156079
NY,2021-01-21,1251806
NY,2021-01-22,1329256
NY,2021-01-23,1400186
NY,2021-01-24,1464037
NY,2021-01-25,1517605
NY,2021-01-26,1575246
NY,2021-01-27,1637969
NY,2021-01-28,1644687
NY,2021-01-29,1779260
NY,2021-01-30,1850609
NY,2021-01-31,1893607
NY,2021-02-01,1938604
NY,2021-02-02,1974941
NY,2021-02-03,2008208
NY,2021-02-04,2124821
NY,2021-02-05,2237687
NY,2021-02-06,2349003
NY,2021-02-07,2421029
NY,2021-02-09,2513387
NY,2021-02-10,2658312
NY,2021-02-11,2766849
NY,2021-02-12,2898906
NY,2021-02-13,3023056
NY,2021-02-14,3127163
NY,2021-02-15,3207614
NY,2021-02-16,3272965
NY,2021-02-17,3359831
NY,2021-02-18,3451284
NY,2021-02-20,3535997
NY,2021-02-21,3621973
NY,2021-02-22,3711664
OH,2020-12-21,6733
OH,2020-12-22,8453
OH,2020-12-23,11700
OH,2020-12-26,50601
OH,2020-12-27,51716
OH,2020-12-28,52920
OH,2020-12-29,71625
OH,2020-12-30,94078
OH,2021-01-01,119401
OH,2021-01-02,152178
OH,2021-01-03,159706
OH,2021-01-04,162942
OH,2021-01-05,175408
OH,2021-01-06,175681
OH,2021-01-07,199801
OH,2021-01-08,248600
OH,2021-01-09,275617
OH,2021-01-10,297013
OH,2021-01-11,304976
OH,2021-01-12,321506
OH,2021-01-13,338778
OH,2021-01-14,361603
OH,2021-01-15,388383
OH,2021-01-16,414062
OH,2021-01-17,435177
OH,2021-01-18,444524
OH,2021-01-19,456131
OH,2021-01-20,487481
OH,2021-01-21,500176
OH,2021-01-22,545499
OH,2021-01-23,594924
OH,2021-01-24,647104
OH,2021-01-25,685622
OH,2021-01-26,708026
OH,2021-01-27,746249
OH,2021-01-28,789869
OH,2021-01-29,843099
OH,2021-01-30,911004
OH,2021-01-31,954013
OH,2021-02-01,1004624
OH,2021-02-02,1045139
OH,2021-02-03,1125154
OH,2021-02-04,1174115
OH,2021-02-05,1239085
OH,2021-02-06,1290398
OH,2021-02-07,1342547
OH,2021-02-08,1369810
OH,2021-02-09,1402324
OH,2021-02-10,1454664
OH,2021-02-11,1535436
OH,2021-02-12,1607696
OH,2021-02-13,1686161
OH,2021-02-14,1753404
OH,2021-02-15,1788902
OH,2021-02-16,1818960
OH,2021-02-17,1852235
OH,2021-02-18,1908650
OH,2021-02-19,1973420
OH,2021-02-20,2066995
OH,2021-02-21,2140688
OH,2021-02-22,2196607
OK,2020-12-21,2253
OK,2020-12-27,29725
OK,2020-12-30,36969
OK,2021-01-02,58823
OK,2021-01-04,60010
OK,2021-01-05,63090
OK,2021-01-06,72862
OK,2021-01-07,85978
OK,2021-01-08,103020
OK,2021-01-11,154337
OK,2021-01-12,157843
OK,2021-01-13,172403
OK,2021-01-14,187266
OK,2021-01-15,203410
OK,2021-01-20,251684
OK,2021-01-21,267434
OK,2021-01-22,287502
OK,2021-01-23,304806
OK,2021-01-24,322810
OK,2021-01-25,326546
OK,2021-01-26,328874
OK,2021-01-27,345144
OK,2021-01-28,363253
OK,2021-01-29,386688
OK,2021-01-30,410305
OK,2021-01-31,437985
OK,2021-02-01,443581
OK,2021-02-02,445675
OK,2021-02-03,462440
OK,2021-02-04,484384
OK,2021-02-05,510693
OK,2021-02-06,541252
OK,2021-02-07,573746
OK,2021-02-08,586054
OK,2021-02-09,588207
OK,2021-02-10,606406
OK,2021-02-11,628361
OK,2021-02-12,640353
OK,2021-02-13,660835
OK,2021-02-14,682354
OK,2021-02-16,694616
OK,2021-02-17,696437
OK,2021-02-18,700440
OK,2021-02-20,830903
OK,2021-02-21,865961
OK,2021-02-22,891227
OR,2020-12-21,20
OR,2020-12-22,7203
OR,2020-12-23,10407
OR,2020-12-26,14524
OR,2020-12-28,20298
OR,2020-12-29,25972
OR,2020-12-30,31382
OR,2021-01-01,38698
OR,2021-01-02,45295
OR,2021-01-03,48725
OR,2021-01-04,51275
OR,2021-01-05,51283
OR,2021-01-06,55247
OR,2021-01-07,61672
OR,2021-01-08,66933
OR,2021-01-09,74914
OR,2021-01-10,97010
OR,2021-01-11,97024
OR,2021-01-12,104610
OR,2021-01-13,115075
OR,2021-01-14,129796
OR,2021-01-15,146153
OR,2021-01-16,189189
OR,2021-01-17,204973
OR,2021-01-18,216924
OR,2021-01-20,225065
OR,2021-01-21,238759
OR,2021-01-22,253710
OR,2021-01-23,285906
OR,2021-01-24,300660
OR,2021-01-25,308050
OR,2021-01-26,308066
OR,2021-01-27,340359
OR,2021-01-28,359369
OR,2021-01-29,382368
OR,2021-01-30,407865
OR,2021-01-31,407890
OR,2021-02-01,423627
OR,2021-02-02,438302
OR,2021-02-03,454269
OR,2021-02-04,471983
OR,2021-02-05,509578
OR,2021-02-06,532449
OR,2021-02-07,532746
OR,2021-02-08,554440
OR,2021-02-09,572695
OR,2021-02-10,604212
OR,2021-02-11,623907
OR,2021-02-12,649600
OR,2021-02-13,669986
OR,2021-02-14,671315
OR,2021-02-15,677192
OR,2021-02-16,691452
OR,2021-02-17,692781
OR,2021-02-18,708570
OR,2021-02-19,729821
OR,2021-02-20,794779
OR,2021-02-21,821720
OR,2021-02-22,844210
PA,2020-12-23,41444
PA,2020-12-24,57602
PA,2020-12-28,72762
PA,2020-12-29,82790
PA,2020-12-30,121574
PA,2021-01-01,125901
PA,2021-01-02,155983
PA,2021-01-04,163207
PA,2021-01-05,164552
PA,2021-01-06,179354
PA,2021-01-07,202498
PA,2021-01-08,226478
PA,2021-01-09,236372
PA,2021-01-10,265191
PA,2021-01-11,306962
PA,2021-01-12,341948
PA,2021-01-13,385222
PA,2021-01-14,425654
PA,2021-01-15,465333
PA,2021-01-16,487592
PA,2021-01-17,509963
PA,2021-01-18,521137
PA,2021-01-21,642789
PA,2021-01-22,689272
PA,2021-01-23,730113
PA,2021-01-24,765782
PA,2021-01-25,789940
PA,2021-01-26,853014
PA,2021-01-27,891080
PA,2021-01-28,964692
PA,2021-01-29,1024441
PA,2021-01-30,1072597
PA,2021-01-31,1118216
PA,2021-02-01,1147343
PA,2021-02-02,1166359
PA,2021-02-03,1211808
PA,2021-02-04,1261149
PA,2021-02-05,1322014
PA,2021-02-06,1385063
PA,2021-02-07,1424425
PA,2021-02-08,1470518
PA,2021-02-09,1530462
PA,2021-02-10,1585819
PA,2021-02-11,1654237
PA,2021-02-12,1724178
PA,2021-02-13,1789429
PA,2021-02-14,1834065
PA,2021-02-15,1857656
PA,2021-02-16,1927580
PA,2021-02-17,1981679
PA,2021-02-18,2071906
PA,2021-02-19,2114407
PA,2021-02-20,2231800
PA,2021-02-21,2306828
PA,2021-02-22,2358058
PR,2020-12-21,17800
PR,2020-12-28,28500
PR,2020-12-30,28818
PR,2021-01-02,42795
PR,2021-01-04,44633
PR,2021-01-05,70000
PR,2021-01-11,90000
PR,2021-01-14,94880
PR,2021-01-15,104137
PR,2021-01-20,136630
PR,2021-01-21,147795
PR,2021-01-22,161528
PR,2021-01-23,173242
PR,2021-01-24,184173
PR,2021-01-25,321965
PR,2021-02-10,324368
PR,2021-02-11,336959
PR,2021-02-13,370837
PR,2021-02-14,382721
PR,2021-02-16,399711
PR,2021-02-18,408058
PR,2021-02-20,463527
PR,2021-02-21,476475
PR,2021-02-22,476647
PW,2021-01-05,120
PW,2021-01-07,247
PW,2021-01-11,367
PW,2021-01-12,416
PW,2021-01-13,725
PW,2021-01-14,766
PW,2021-01-15,1119
PW,2021-01-18,1580
PW,2021-01-20,1981
PW,2021-01-21,2405
PW,2021-01-23,2685
PW,2021-01-24,3046
PW,2021-01-25,3048
PW,2021-01-28,3067
PW,2021-01-29,3109
PW,2021-01-30,3110
PW,2021-02-02,3172
PW,2021-02-03,3228
PW,2021-02-05,3360
PW,2021-02-07,3467
PW,2021-02-09,3468
PW,2021-02-10,3527
PW,2021-02-11,3831
PW,2021-02-12,3871
PW,2021-02-13,4212
PW,2021-02-14,4321
PW,2021-02-15,4676
PW,2021-02-16,4677
PW,2021-02-17,5011
PW,2021-02-18,5314
PW,2021-02-19,5725
PW,2021-02-20,6025
PW,2021-02-21,6314
RI,2020-12-21,4827
RI,2020-12-22,6400
RI,2020-12-23,7072
RI,2020-12-28,11935
RI,2020-12-29,12869
RI,2020-12-30,17020
RI,2021-01-02,18829
RI,2021-01-04,24266
RI,2021-01-05,26163
RI,2021-01-06,28609
RI,2021-01-07,29706
RI,2021-01-08,31541
RI,2021-01-11,37707
RI,2021-01-12,42723
RI,2021-01-13,45643
RI,2021-01-14,48118
RI,2021-01-15,51220
RI,2021-01-19,57866
RI,2021-01-20,60893
RI,2021-01-21,63152
RI,2021-01-22,66070
RI,2021-01-24,67566
RI,2021-01-25,73994
RI,2021-01-26,78191
RI,2021-01-27,82303
RI,2021-01-28,86315
RI,2021-01-29,89761
RI,2021-01-31,91177
RI,2021-02-01,100474
RI,2021-02-02,102384
RI,2021-02-03,105051
RI,2021-02-04,108924
RI,2021-02-05,113656
RI,2021-02-07,117067
RI,2021-02-08,122747
RI,2021-02-09,125208
RI,2021-02-10,127857
RI,2021-02-11,133844
RI,2021-02-12,137945
RI,2021-02-14,141155
RI,2021-02-15,148335
RI,2021-02-16,151170
RI,2021-02-17,165488
RI,2021-02-18,173634
RI,2021-02-19,183814
RI,2021-02-20,190896
RI,2021-02-21,198626
RI,2021-02-22,206034
SC,2020-12-21,7000
SC,2020-12-22,19644
SC,2020-12-29,31511
SC,2020-12-30,42043
SC,2021-01-02,49192
SC,2021-01-04,54902
SC,2021-01-07,60341
SC,2021-01-08,78562
SC,2021-01-09,91689
SC,2021-01-10,99358
SC,2021-01-11,105856
SC,2021-01-12,114970
SC,2021-01-14,137712
SC,2021-01-15,146219
SC,2021-01-16,154995
SC,2021-01-17,158232
SC,2021-01-18,163800
SC,2021-01-20,192608
SC,2021-01-21,209631
SC,2021-01-22,229002
SC,2021-01-23,267884
SC,2021-01-24,278795
SC,2021-01-25,307348
SC,2021-01-26,317211
SC,2021-01-27,326985
SC,2021-01-28,359949
SC,2021-01-29,385158
SC,2021-01-30,407860
SC,2021-01-31,439541
SC,2021-02-01,462751
SC,2021-02-02,470696
SC,2021-02-03,479202
SC,2021-02-04,497433
SC,2021-02-05,518892
SC,2021-02-06,542879
SC,2021-02-07,568917
SC,2021-02-08,585692
SC,2021-02-10,608062
SC,2021-02-11,628496
SC,2021-02-12,649375
SC,2021-02-13,674843
SC,2021-02-14,704186
SC,2021-02-16,738476
SC,2021-02-17,755422
SC,2021-02-18,778113
SC,2021-02-20,879776
SC,2021-02-21,910669
SC,2021-02-22,932588
SD,2020-12-21,7516
SD,2020-12-22,7844
SD,2020-12-23,8398
SD,2020-12-26,12910
SD,2020-12-27,13710
SD,2020-12-28,14799
SD,2020-12-29,15830
SD,2020-12-30,18960
SD,2021-01-01,21144
SD,2021-01-02,26409
SD,2021-01-03,26870
SD,2021-01-04,26952
SD,2021-01-05,28581
SD,2021-01-06,31267
SD,2021-01-07,33389
SD,2021-01-08,36890
SD,2021-01-09,40284
SD,2021-01-10,44073
SD,2021-01-11,48225
SD,2021-01-12,48698
SD,2021-01-13,50712
SD,2021-01-14,54284
SD,2021-01-15,57103
SD,2021-01-18,57121
SD,2021-01-19,57476
SD,2021-01-20,62518
SD,2021-01-21,65377
SD,2021-01-22,70643
SD,2021-01-23,77200
SD,2021-01-24,80441
SD,2021-01-25,82512
SD,2021-01-26,82823
SD,2021-01-27,86986
SD,2021-01-28,91776
SD,2021-01-29,97231
SD,2021-01-30,102847
SD,2021-01-31,105961
SD,2021-02-01,107685
SD,2021-02-02,108004
SD,2021-02-03,110967
SD,2021-02-04,115676
SD,2021-02-05,121593
SD,2021-02-06,127592
SD,2021-02-07,131439
SD,2021-02-08,133068
SD,2021-02-09,133231
SD,2021-02-10,136438
SD,2021-02-11,141733
SD,2021-02-12,148670
SD,2021-02-13,155026
SD,2021-02-14,160223
SD,2021-02-16,162885
SD,2021-02-17,165865
SD,2021-02-18,171175
SD,2021-02-19,172804
SD,2021-02-20,225848
SD,2021-02-21,232725
SD,2021-02-22,235964
TN,2020-12-21,2711
TN,2020-12-22,24236
TN,2020-12-27,53258
TN,2020-12-29,79282
TN,2021-01-02,126887
TN,2021-01-04,152516
TN,2021-01-05,169070
TN,2021-01-07,179811
TN,2021-01-08,196642
TN,2021-01-09,215427
TN,2021-01-11,243855
TN,2021-01-12,271575
TN,2021-01-15,303338
TN,2021-01-16,330775
TN,2021-01-19,370895
TN,2021-01-21,375669
TN,2021-01-22,438577
TN,2021-01-24,452042
TN,2021-01-25,486197
TN,2021-01-26,505267
TN,2021-01-28,528630
TN,2021-01-29,578954
TN,2021-01-30,612688
TN,2021-01-31,643497
TN,2021-02-01,654537
TN,2021-02-02,667031
TN,2021-02-03,691574
TN,2021-02-04,723200
TN,2021-02-05,757488
TN,2021-02-06,793078
TN,2021-02-07,822631
TN,2021-02-08,833808
TN,2021-02-09,848930
TN,2021-02-10,876342
TN,2021-02-11,913937
TN,2021-02-12,940403
TN,2021-02-13,975808
TN,2021-02-14,1005707
TN,2021-02-15,1020841
TN,2021-02-16,1026918
TN,2021-02-17,1036123
TN,2021-02-18,1068979
TN,2021-02-20,1097826
TN,2021-02-21,1117120
TN,2021-02-22,1130834
TX,2020-12-23,83967
TX,2020-12-26,126411
TX,2020-12-27,139747
TX,2020-12-28,146988
TX,2020-12-29,163700
TX,2020-12-30,205463
TX,2021-01-01,340415
TX,2021-01-02,365455
TX,2021-01-03,377050
TX,2021-01-04,414211
TX,2021-01-05,451210
TX,2021-01-06,489003
TX,2021-01-07,545658
TX,2021-01-08,618298
TX,2021-01-09,700559
TX,2021-01-10,752324
TX,2021-01-11,852015
TX,2021-01-12,911461
TX,2021-01-13,978042
TX,2021-01-14,1043624
TX,2021-01-15,1160242
TX,2021-01-16,1200755
TX,2021-01-17,1276808
TX,2021-01-19,1358676
TX,2021-01-20,1471746
TX,2021-01-21,1544551
TX,2021-01-22,1644781
TX,2021-01-23,1727869
TX,2021-01-24,1763299
TX,2021-01-25,1804006
TX,2021-01-26,1917896
TX,2021-01-27,1974374
TX,2021-01-28,2107005
TX,2021-01-29,2219867
TX,2021-01-30,2340658
TX,2021-01-31,2408879
TX,2021-02-01,2496232
TX,2021-02-02,2525104
TX,2021-02-03,2652896
TX,2021-02-04,2805359
TX,2021-02-05,2930767
TX,2021-02-06,3107936
TX,2021-02-07,3246638
TX,2021-02-08,3322062
TX,2021-02-09,3436180
TX,2021-02-10,3568618
TX,2021-02-11,3708460
TX,2021-02-12,3873581
TX,2021-02-13,4007986
TX,2021-02-14,4133747
TX,2021-02-15,4155797
TX,2021-02-16,4256383
TX,2021-02-17,4312301
TX,2021-02-18,4333726
TX,2021-02-20,4614697
TX,2021-02-21,4673868
TX,2021-02-22,4711180
UT,2020-12-21,6520
UT,2020-12-22,8518
UT,2020-12-23,11380
UT,2020-12-24,14822
UT,2020-12-26,16924
UT,2020-12-27,16992
UT,2020-12-28,17543
UT,2020-12-29,20417
UT,2020-12-30,23970
UT,2021-01-01,30200
UT,2021-01-02,46374
UT,2021-01-03,47382
UT,2021-01-04,48909
UT,2021-01-05,55981
UT,2021-01-06,60462
UT,2021-01-07,68030
UT,2021-01-08,77228
UT,2021-01-09,99612
UT,2021-01-10,102809
UT,2021-01-11,103547
UT,2021-01-12,110530
UT,2021-01-13,124884
UT,2021-01-14,133202
UT,2021-01-15,142751
UT,2021-01-16,152509
UT,2021-01-17,157170
UT,2021-01-18,168908
UT,2021-01-19,172603
UT,2021-01-20,181792
UT,2021-01-21,193777
UT,2021-01-22,202729
UT,2021-01-23,222275
UT,2021-01-24,228348
UT,2021-01-25,229575
UT,2021-01-26,237637
UT,2021-01-27,250448
UT,2021-01-28,267027
UT,2021-01-29,281797
UT,2021-01-30,300516
UT,2021-01-31,310692
UT,2021-02-01,323030
UT,2021-02-02,325457
UT,2021-02-03,345179
UT,2021-02-04,362701
UT,2021-02-05,382881
UT,2021-02-06,404085
UT,2021-02-07,413937
UT,2021-02-08,506629
UT,2021-02-09,510267
UT,2021-02-13,512189
UT,2021-02-14,524000
UT,2021-02-15,525033
UT,2021-02-16,532985
UT,2021-02-17,551068
UT,2021-02-18,563608
UT,2021-02-19,580051
UT,2021-02-20,610074
UT,2021-02-21,610580
UT,2021-02-22,610874
VA,2020-12-23,19943
VA,2020-12-28,41709
VA,2020-12-29,47052
VA,2020-12-30,62920
VA,2020-12-31,64882
VA,2021-01-01,75288
VA,2021-01-02,90011
VA,2021-01-04,108861
VA,2021-01-05,126363
VA,2021-01-07,139754
VA,2021-01-08,150104
VA,2021-01-09,167452
VA,2021-01-10,177945
VA,2021-01-11,190607
VA,2021-01-12,200402
VA,2021-01-13,217836
VA,2021-01-14,242530
VA,2021-01-15,268330
VA,2021-01-16,295202
VA,2021-01-17,316812
VA,2021-01-18,324965
VA,2021-01-19,341388
VA,2021-01-20,360051
VA,2021-01-21,399317
VA,2021-01-22,424857
VA,2021-01-23,443760
VA,2021-01-24,474979
VA,2021-01-25,522853
VA,2021-01-26,594828
VA,2021-01-27,629019
VA,2021-01-28,668401
VA,2021-01-29,724768
VA,2021-01-30,785920
VA,2021-01-31,833221
VA,2021-02-01,870820
VA,2021-02-02,901213
VA,2021-02-03,922940
VA,2021-02-04,949066
VA,2021-02-05,993848
VA,2021-02-06,1052577
VA,2021-02-07,1103370
VA,2021-02-08,1135639
VA,2021-02-09,1161590
VA,2021-02-10,1187340
VA,2021-02-11,1223199
VA,2021-02-12,1274838
VA,2021-02-13,1330305
VA,2021-02-14,1355231
VA,2021-02-15,1367319
VA,2021-02-16,1431501
VA,2021-02-17,1460103
VA,2021-02-18,1503786
VA,2021-02-19,1513373
VA,2021-02-20,1671217
VA,2021-02-21,1705294
VA,2021-02-22,1735451
VI,2020-12-30,147
VI,2021-01-02,199
VI,2021-01-05,231
VI,2021-01-06,283
VI,2021-01-07,318
VI,2021-01-08,410
VI,2021-01-11,1200
VI,2021-01-14,1424
VI,2021-01-15,1631
VI,2021-01-20,2418
VI,2021-01-21,2744
VI,2021-01-22,3070
VI,2021-01-23,3355
VI,2021-01-24,3378
VI,2021-01-25,3399
VI,2021-01-26,3747
VI,2021-01-27,4174
VI,2021-01-28,4620
VI,2021-01-29,5256
VI,2021-01-30,5967
VI,2021-01-31,6008
VI,2021-02-01,6116
VI,2021-02-02,6709
VI,2021-02-03,7387
VI,2021-02-04,8212
VI,2021-02-05,8884
VI,2021-02-06,9466
VI,2021-02-07,9477
VI,2021-02-08,9529
VI,2021-02-09,10064
VI,2021-02-10,10718
VI,2021-02-11,11168
VI,2021-02-12,11691
VI,2021-02-13,12182
VI,2021-02-14,12288
VI,2021-02-16,12418
VI,2021-02-17,13162
VI,2021-02-18,13648
VI,2021-02-20,15826
VI,2021-02-21,16123
VI,2021-02-22,16187
VT,2020-12-21,567
VT,2020-12-22,3269
VT,2020-12-23,4374
VT,2020-12-30,11157
VT,2021-01-02,15478
VT,2021-01-04,15955
VT,2021-01-06,18740
VT,2021-01-08,22331
VT,2021-01-11,25757
VT,2021-01-12,26575
VT,2021-01-13,29571
VT,2021-01-14,32359
VT,2021-01-15,34700
VT,2021-01-19,40670
VT,2021-01-20,42683
VT,2021-01-21,46292
VT,2021-01-22,49267
VT,2021-01-23,51711
VT,2021-01-24,51872
VT,2021-01-25,53624
VT,2021-01-26,55211
VT,2021-01-27,58686
VT,2021-01-28,61546
VT,2021-01-29,63580
VT,2021-01-30,66979
VT,2021-01-31,67180
VT,2021-02-01,72428
VT,2021-02-02,74514
VT,2021-02-03,76986
VT,2021-02-04,79826
VT,2021-02-05,80054
VT,2021-02-06,86935
VT,2021-02-07,87180
VT,2021-02-08,90328
VT,2021-02-09,93600
VT,2021-02-10,96635
VT,2021-02-11,99757
VT,2021-02-12,102427
VT,2021-02-13,106490
VT,2021-02-14,106787
VT,2021-02-16,115658
VT,2021-02-17,117868
VT,2021-02-18,120781
VT,2021-02-19,125019
VT,2021-02-20,132112
VT,2021-02-21,137144
VT,2021-02-22,141436
WA,2020-12-21,1159
WA,2020-12-23,30000
WA,2020-12-29,51000
WA,2020-12-30,59491
WA,2021-01-02,82464
WA,2021-01-04,92700
WA,2021-01-05,96845
WA,2021-01-06,104975
WA,2021-01-07,121354
WA,2021-01-08,135097
WA,2021-01-10,151856
WA,2021-01-11,188215
WA,2021-01-12,195567
WA,2021-01-13,208238
WA,2021-01-14,225238
WA,2021-01-15,242606
WA,2021-01-19,294386
WA,2021-01-20,346765
WA,2021-01-21,373423
WA,2021-01-22,403135
WA,2021-01-23,436997
WA,2021-01-24,449385
WA,2021-01-25,488785
WA,2021-01-26,507610
WA,2021-01-27,534445
WA,2021-01-28,571135
WA,2021-01-29,607071
WA,2021-01-30,643951
WA,2021-01-31,684344
WA,2021-02-01,720603
WA,2021-02-02,741769
WA,2021-02-03,765954
WA,2021-02-04,797358
WA,2021-02-05,827944
WA,2021-02-06,867773
WA,2021-02-07,905118
WA,2021-02-08,937926
WA,2021-02-09,951204
WA,2021-02-10,1008946
WA,2021-02-11,1040044
WA,2021-02-12,1080510
WA,2021-02-13,1121779
WA,2021-02-14,1166471
WA,2021-02-16,1201284
WA,2021-02-17,1225920
WA,2021-02-18,1255764
WA,2021-02-20,1407229
WA,2021-02-21,1444507
WA,2021-02-22,1479352
WI,2020-12-21,10358
WI,2020-12-28,39501
WI,2020-12-29,47157
WI,2021-01-02,64657
WI,2021-01-04,66974
WI,2021-01-05,85609
WI,2021-01-08,123402
WI,2021-01-11,151518
WI,2021-01-12,163371
WI,2021-01-13,176165
WI,2021-01-14,195192
WI,2021-01-15,213056
WI,2021-01-18,239102
WI,2021-01-19,248185
WI,2021-01-20,260402
WI,2021-01-21,285358
WI,2021-01-22,310256
WI,2021-01-25,345017
WI,2021-01-26,362505
WI,2021-01-27,389240
WI,2021-01-28,432102
WI,2021-01-29,476855
WI,2021-01-30,521762
WI,2021-01-31,544234
WI,2021-02-01,551963
WI,2021-02-02,578336
WI,2021-02-03,613247
WI,2021-02-04,659025
WI,2021-02-05,690698
WI,2021-02-06,740526
WI,2021-02-07,761212
WI,2021-02-08,767020
WI,2021-02-09,779301
WI,2021-02-10,822910
WI,2021-02-11,860389
WI,2021-02-12,901333
WI,2021-02-13,940205
WI,2021-02-14,965999
WI,2021-02-15,976049
WI,2021-02-16,996591
WI,2021-02-17,1023576
WI,2021-02-18,1070199
WI,2021-02-19,1119705
WI,2021-02-20,1188631
WI,2021-02-21,1230619
WI,2021-02-22,1252322
WV,2020-12-21,15135
WV,2020-12-22,15914
WV,2020-12-23,18488
WV,2020-12-26,28626
WV,2020-12-27,29675
WV,2020-12-28,30737
WV,2020-12-29,34474
WV,2020-12-30,39035
WV,2020-12-31,44885
WV,2021-01-01,49037
WV,2021-01-02,49827
WV,2021-01-03,51646
WV,2021-01-04,52518
WV,2021-01-05,56664
WV,2021-01-06,62154
WV,2021-01-07,74016
WV,2021-01-08,87215
WV,2021-01-09,88128
WV,2021-01-10,90645
WV,2021-01-11,96337
WV,2021-01-12,107245
WV,2021-01-13,117130
WV,2021-01-14,126457
WV,2021-01-15,138845
WV,2021-01-16,150897
WV,2021-01-17,153219
WV,2021-01-18,153692
WV,2021-01-19,156373
WV,2021-01-20,160199
WV,2021-01-21,169190
WV,2021-01-22,182460
WV,2021-01-23,197220
WV,2021-01-24,205470
WV,2021-01-25,206616
WV,2021-01-26,212875
WV,2021-01-27,217329
WV,2021-01-28,227058
WV,2021-01-29,242437
WV,2021-01-30,258958
WV,2021-01-31,262349
WV,2021-02-01,262880
WV,2021-02-02,266773
WV,2021-02-03,270250
WV,2021-02-04,278971
WV,2021-02-05,294059
WV,2021-02-06,317282
WV,2021-02-07,324439
WV,2021-02-08,325781
WV,2021-02-09,330217
WV,2021-02-10,335307
WV,2021-02-11,343519
WV,2021-02-12,354063
WV,2021-02-13,378774
WV,2021-02-14,389249
WV,2021-02-15,391186
WV,2021-02-16,396348
WV,2021-02-17,398635
WV,2021-02-18,405839
WV,2021-02-19,413249
WV,2021-02-20,458087
WV,2021-02-21,463513
WV,2021-02-22,465593
WY,2020-12-22,1675
WY,2020-12-23,1868
WY,2020-12-26,2865
WY,2020-12-28,3033
WY,2020-12-29,4832
WY,2020-12-30,5466
WY,2020-12-31,7472
WY,2021-01-02,7829
WY,2021-01-04,8383
WY,2021-01-05,8928
WY,2021-01-07,9611
WY,2021-01-08,12996
WY,2021-01-09,13236
WY,2021-01-10,15107
WY,2021-01-11,16402
WY,2021-01-12,17420
WY,2021-01-13,18928
WY,2021-01-14,22266
WY,2021-01-15,25196
WY,2021-01-16,26423
WY,2021-01-17,26563
WY,2021-01-19,27073
WY,2021-01-20,29309
WY,2021-01-21,33414
WY,2021-01-22,35976
WY,2021-01-23,37559
WY,2021-01-24,40803
WY,2021-01-25,41156
WY,2021-01-26,41339
WY,2021-01-27,43425
WY,2021-01-28,43992
WY,2021-01-29,49166
WY,2021-01-31,57023
WY,2021-02-01,58721
WY,2021-02-02,59018
WY,2021-02-03,60775
WY,2021-02-05,67600
WY,2021-02-06,71858
WY,2021-02-08,76457
WY,2021-02-10,79515
WY,2021-02-11,83554
WY,2021-02-12,92603
WY,2021-02-13,95682
WY,2021-02-14,99099
WY,2021-02-16,100186
WY,2021-02-17,100615
WY,2021-02-18,108535
WY,2021-02-20,129060
WY,2021-02-21,129470
WY,2021-02-22,135635
bureau-of-prisons,2020-12-30,5070
bureau-of-prisons,2021-01-02,7307
bureau-of-prisons,2021-01-04,7366
bureau-of-prisons,2021-01-05,8700
bureau-of-prisons,2021-01-06,9391
bureau-of-prisons,2021-01-07,11137
bureau-of-prisons,2021-01-12,14663
bureau-of-prisons,2021-01-13,15694
bureau-of-prisons,2021-01-14,16118
bureau-of-prisons,2021-01-15,16685
bureau-of-prisons,2021-01-20,19076
bureau-of-prisons,2021-01-21,20838
bureau-of-prisons,2021-01-22,21315
bureau-of-prisons,2021-01-23,23345
bureau-of-prisons,2021-01-24,24082
bureau-of-prisons,2021-01-25,24360
bureau-of-prisons,2021-01-26,25513
bureau-of-prisons,2021-01-27,27326
bureau-of-prisons,2021-01-28,28514
bureau-of-prisons,2021-01-29,29754
bureau-of-prisons,2021-01-30,30945
bureau-of-prisons,2021-01-31,31285
bureau-of-prisons,2021-02-02,32349
bureau-of-prisons,2021-02-03,34255
bureau-of-prisons,2021-02-04,36195
bureau-of-prisons,2021-02-05,38164
bureau-of-prisons,2021-02-06,39616
bureau-of-prisons,2021-02-07,40333
bureau-of-prisons,2021-02-09,41040
bureau-of-prisons,2021-02-10,42751
bureau-of-prisons,2021-02-11,44177
bureau-of-prisons,2021-02-12,45617
bureau-of-prisons,2021-02-13,46926
bureau-of-prisons,2021-02-14,47564
bureau-of-prisons,2021-02-16,48090
bureau-of-prisons,2021-02-17,48614
bureau-of-prisons,2021-02-18,49050
bureau-of-prisons,2021-02-20,51072
bureau-of-prisons,2021-02-21,52266
bureau-of-prisons,2021-02-22,52347
chicago,2020-12-21,9383
chicago,2020-12-22,12736
chicago,2020-12-23,16067
chicago,2020-12-24,18887
chicago,2020-12-27,20091
chicago,2020-12-28,20353
chicago,2020-12-30,25264
dept-of-defense,2020-12-30,55111
dept-of-defense,2021-01-02,66719
dept-of-defense,2021-01-04,67766
dept-of-defense,2021-01-06,74961
dept-of-defense,2021-01-07,82842
dept-of-defense,2021-01-08,95482
dept-of-defense,2021-01-11,136557
dept-of-defense,2021-01-12,139439
dept-of-defense,2021-01-13,139993
dept-of-defense,2021-01-14,179724
dept-of-defense,2021-01-15,201485
dept-of-defense,2021-01-20,256867
dept-of-defense,2021-01-21,274473
dept-of-defense,2021-01-22,292490
dept-of-defense,2021-01-23,311567
dept-of-defense,2021-01-24,336450
dept-of-defense,2021-01-25,346180
dept-of-defense,2021-01-27,366010
dept-of-defense,2021-01-28,389927
dept-of-defense,2021-01-29,415720
dept-of-defense,2021-01-30,449958
dept-of-defense,2021-01-31,481172
dept-of-defense,2021-02-01,485125
dept-of-defense,2021-02-02,490377
dept-of-defense,2021-02-03,508965
dept-of-defense,2021-02-04,530849
dept-of-defense,2021-02-05,559379
dept-of-defense,2021-02-06,588731
dept-of-defense,2021-02-07,621487
dept-of-defense,2021-02-08,632927
dept-of-defense,2021-02-09,637359
dept-of-defense,2021-02-10,657414
dept-of-defense,2021-02-11,679431
dept-of-defense,2021-02-12,701736
dept-of-defense,2021-02-13,726338
dept-of-defense,2021-02-14,751746
dept-of-defense,2021-02-16,754935
dept-of-defense,2021-02-17,759117
dept-of-defense,2021-02-18,791494
dept-of-defense,2021-02-20,830843
dept-of-defense,2021-02-21,854728
dept-of-defense,2021-02-22,865896
federal-entities,2020-12-22,11717
federal-entities,2020-12-30,156885
federal-entities,2021-01-02,225866
federal-entities,2021-01-04,228860
federal-entities,2021-01-05,233471
federal-entities,2021-01-06,260643
federal-entities,2021-01-07,293435
federal-entities,2021-01-08,332806
federal-entities,2021-01-11,436957
federal-entities,2021-01-12,449243
federal-entities,2021-01-13,484526
federal-entities,2021-01-14,562265
federal-entities,2021-01-15,626186
federal-entities,2021-01-20,817487
federal-entities,2021-01-21,939866
federal-entities,2021-01-22,1017002
federal-entities,2021-01-23,1102180
federal-entities,2021-01-24,1178561
federal-entities,2021-01-25,1228848
federal-entities,2021-01-26,1233326
federal-entities,2021-01-27,1305209
federal-entities,2021-01-28,1391015
federal-entities,2021-01-29,1478080
federal-entities,2021-01-30,1564170
federal-entities,2021-01-31,1654482
federal-entities,2021-02-01,1690420
federal-entities,2021-02-02,1710280
federal-entities,2021-02-03,1781289
federal-entities,2021-02-04,1831811
federal-entities,2021-02-05,1919877
federal-entities,2021-02-06,2035217
federal-entities,2021-02-07,2164159
federal-entities,2021-02-08,2223555
federal-entities,2021-02-09,2244327
federal-entities,2021-02-10,2329715
federal-entities,2021-02-11,2426302
federal-entities,2021-02-12,2533659
federal-entities,2021-02-13,2638727
federal-entities,2021-02-14,2778754
federal-entities,2021-02-16,2881011
federal-entities,2021-02-17,2918858
federal-entities,2021-02-18,3015737
federal-entities,2021-02-20,3156953
federal-entities,2021-02-21,3244317
federal-entities,2021-02-22,3317261
indian-health-service,2020-12-22,11717
indian-health-service,2020-12-30,23386
indian-health-service,2021-01-02,35466
indian-health-service,2021-01-04,35753
indian-health-service,2021-01-05,38053
indian-health-service,2021-01-06,42841
indian-health-service,2021-01-07,49960
indian-health-service,2021-01-08,58028
indian-health-service,2021-01-11,65154
indian-health-service,2021-01-12,68387
indian-health-service,2021-01-13,74462
indian-health-service,2021-01-14,81726
indian-health-service,2021-01-15,90245
indian-health-service,2021-01-20,108975
indian-health-service,2021-01-21,117297
indian-health-service,2021-01-22,123534
indian-health-service,2021-01-23,143678
indian-health-service,2021-01-24,153784
indian-health-service,2021-01-25,155529
indian-health-service,2021-01-26,158282
indian-health-service,2021-01-27,165764
indian-health-service,2021-01-28,180226
indian-health-service,2021-01-29,191109
indian-health-service,2021-01-30,194962
indian-health-service,2021-01-31,209747
indian-health-service,2021-02-01,210664
indian-health-service,2021-02-02,214183
indian-health-service,2021-02-03,224095
indian-health-service,2021-02-04,238594
indian-health-service,2021-02-05,244323
indian-health-service,2021-02-06,276062
indian-health-service,2021-02-07,282039
indian-health-service,2021-02-08,291338
indian-health-service,2021-02-09,297375
indian-health-service,2021-02-10,306717
indian-health-service,2021-02-11,325336
indian-health-service,2021-02-12,346969
indian-health-service,2021-02-13,362802
indian-health-service,2021-02-14,378614
indian-health-service,2021-02-16,385284
indian-health-service,2021-02-17,390833
indian-health-service,2021-02-18,401516
indian-health-service,2021-02-20,412073
indian-health-service,2021-02-21,426034
indian-health-service,2021-02-22,441876
new-york-city,2020-12-21,18199
new-york-city,2020-12-22,22369
new-york-city,2020-12-23,30777
new-york-city,2020-12-26,51880
new-york-city,2020-12-27,55237
new-york-city,2020-12-28,58744
new-york-city,2020-12-29,67116
new-york-city,2020-12-30,78530
new-york-city,2020-12-31,88410
new-york-city,2021-01-01,97797
new-york-city,2021-01-02,100878
new-york-city,2021-01-03,104910
new-york-city,2021-01-04,110241
new-york-city,2021-01-05,119060
new-york-city,2021-01-06,132116
new-york-city,2021-01-07,149932
new-york-city,2021-01-08,167949
new-york-city,2021-01-09,191645
new-york-city,2021-01-10,203181
new-york-city,2021-01-11,212796
new-york-city,2021-01-12,239324
new-york-city,2021-01-13,267923
new-york-city,2021-01-14,303671
new-york-city,2021-01-15,337518
new-york-city,2021-01-16,370972
new-york-city,2021-01-17,404654
new-york-city,2021-01-18,433776
new-york-city,2021-01-19,455737
new-york-city,2021-01-20,494596
new-york-city,2021-01-21,539618
new-york-city,2021-01-22,572910
new-york-city,2021-01-23,596942
new-york-city,2021-01-24,618862
new-york-city,2021-01-25,628831
new-york-city,2021-01-26,650546
new-york-city,2021-01-27,673405
new-york-city,2021-01-28,699524
new-york-city,2021-01-29,742025
new-york-city,2021-01-30,779781
new-york-city,2021-01-31,800508
new-york-city,2021-02-01,815193
new-york-city,2021-02-02,823670
new-york-city,2021-02-03,837292
new-york-city,2021-02-04,859803
new-york-city,2021-02-05,904428
new-york-city,2021-02-06,947084
new-york-city,2021-02-07,976477
new-york-city,2021-02-08,997844
new-york-city,2021-02-09,1032158
new-york-city,2021-02-10,1071393
new-york-city,2021-02-11,1114939
new-york-city,2021-02-12,1170278
new-york-city,2021-02-13,1223855
new-york-city,2021-02-14,1274923
new-york-city,2021-02-16,1336382
new-york-city,2021-02-17,1365956
new-york-city,2021-02-18,1399055
new-york-city,2021-02-19,1438720
new-york-city,2021-02-20,1471948
new-york-city,2021-02-21,1505535
new-york-city,2021-02-22,1527527
unassigned,2021-02-20,249310
unassigned,2021-02-21,254152
unassigned,2021-02-22,260426
veterans-health,2020-12-30,73318
veterans-health,2021-01-02,116374
veterans-health,2021-01-04,117975
veterans-health,2021-01-05,118952
veterans-health,2021-01-06,133450
veterans-health,2021-01-07,149496
veterans-health,2021-01-08,168159
veterans-health,2021-01-11,224109
veterans-health,2021-01-12,226754
veterans-health,2021-01-13,254377
veterans-health,2021-01-14,284697
veterans-health,2021-01-15,317771
veterans-health,2021-01-20,432569
veterans-health,2021-01-21,527258
veterans-health,2021-01-22,579663
veterans-health,2021-01-23,623590
veterans-health,2021-01-24,664245
veterans-health,2021-01-25,702779
veterans-health,2021-01-26,703351
veterans-health,2021-01-27,746109
veterans-health,2021-01-28,792348
veterans-health,2021-01-29,841497
veterans-health,2021-01-30,888305
veterans-health,2021-01-31,932278
veterans-health,2021-02-01,963346
veterans-health,2021-02-02,973371
veterans-health,2021-02-03,1013974
veterans-health,2021-02-04,1026173
veterans-health,2021-02-05,1078011
veterans-health,2021-02-06,1130808
veterans-health,2021-02-07,1220300
veterans-health,2021-02-08,1258957
veterans-health,2021-02-09,1268553
veterans-health,2021-02-10,1322833
veterans-health,2021-02-11,1377358
veterans-health,2021-02-12,1439337
veterans-health,2021-02-13,1502661
veterans-health,2021-02-14,1600830
veterans-health,2021-02-16,1692702
veterans-health,2021-02-17,1720294
veterans-health,2021-02-18,1773677
veterans-health,2021-02-20,1862965
veterans-health,2021-02-21,1911289
veterans-health,2021-02-22,1957142
